<?xml version="1.0"?>
<x:xmpmeta xmlns:x="adobe:ns:meta/" x:xmptk="Adobe XMP Core 6.2.4">
  <rdf:RDF xmlns:rdf="http://www.w3.org/1999/02/22-rdf-syntax-ns#">
    <rdf:Description rdf:about=""
        xmlns:dam="http://www.day.com/dam/1.0"
        xmlns:dc="http://purl.org/dc/elements/1.1/"
        xmlns:exif="http://ns.adobe.com/exif/1.0/"
        xmlns:photoshop="http://ns.adobe.com/photoshop/1.0/"
        xmlns:tiff="http://ns.adobe.com/tiff/1.0/"
        xmlns:xmp="http://ns.adobe.com/xap/1.0/"
        xmlns:xmpMM="http://ns.adobe.com/xap/1.0/mm/"
        xmlns:stEvt="http://ns.adobe.com/xap/1.0/sType/ResourceEvent#"
      dam:Bitsperpixel="24"
      dam:Fileformat="JPEG"
      dam:MIMEtype="image/jpeg"
      dam:Numberofimages="1"
      dam:Numberoftextualcomments="0"
      dam:Physicalheightindpi="72"
      dam:Physicalheightininches="14.18055534362793"
      dam:Physicalwidthindpi="72"
      dam:Physicalwidthininches="9.44444465637207"
      dam:Progressive="no"
      dam:extracted="2019-10-25T16:49:34.279-07:00"
      dam:size="140844"
      dam:sha1="18f182f94c23ecfc0d30d40761690a2664c7b689"
      dc:modified="2019-10-25T16:50:37.791-07:00"
      dc:format="image/jpeg"
      exif:ColorSpace="65535"
      exif:ExifVersion="0221"
      exif:PixelXDimension="680"
      exif:PixelYDimension="1021"
      photoshop:ColorMode="3"
      tiff:Orientation="1"
      tiff:PhotometricInterpretation="2"
      tiff:ResolutionUnit="2"
      tiff:SamplesPerPixel="3"
      tiff:XResolution="720000/10000"
      tiff:YResolution="720000/10000"
      tiff:ImageWidth="680"
      tiff:ImageLength="1021"
      xmp:CreateDate="2016-02-12T05:07:10.000-08:00"
      xmp:CreatorTool="Adobe Photoshop CC 2019 (Macintosh)"
      xmp:MetadataDate="2019-10-02T12:27:29.000-07:00"
      xmp:ModifyDate="2019-10-02T12:27:29.000-07:00"
      xmpMM:DocumentID="adobe:docid:photoshop:429df3ab-f617-1b46-907f-00565bd9712f"
      xmpMM:InstanceID="xmp.iid:2d466422-2ab0-4733-a9fd-f94b640c0136"
      xmpMM:OriginalDocumentID="7D3747D01FA7236751620A37F00BE1E0">
      <tiff:BitsPerSample>
        <rdf:Seq>
          <rdf:li>8</rdf:li>
          <rdf:li>8</rdf:li>
          <rdf:li>8</rdf:li>
        </rdf:Seq>
      </tiff:BitsPerSample>
      <xmpMM:History>
        <rdf:Seq>
          <rdf:li
            stEvt:action="saved"
            stEvt:changed="/"
            stEvt:instanceID="xmp.iid:d8035821-5e1d-4691-833c-5e70c7f903c1"
            stEvt:softwareAgent="Adobe Photoshop CC 2019 (Macintosh)"
            stEvt:when="2019-10-02T12:02:30.000-07:00"/>
          <rdf:li
            stEvt:action="saved"
            stEvt:changed="/"
            stEvt:instanceID="xmp.iid:2d466422-2ab0-4733-a9fd-f94b640c0136"
            stEvt:softwareAgent="Adobe Photoshop CC 2019 (Macintosh)"
            stEvt:when="2019-10-02T12:27:29.000-07:00"/>
        </rdf:Seq>
      </xmpMM:History>
    </rdf:Description>
  </rdf:RDF>
</x:xmpmeta>
