{"autoTags":[{"value":"man","confidence":0.8695205450057983,"isCustom":false},{"value":"portrait","confidence":0.8437919020652771,"isCustom":false},{"value":"face","confidence":0.8021564483642578,"isCustom":false},{"value":"male","confidence":0.8012878894805908,"isCustom":false},{"value":"adult","confidence":0.7742956280708313,"isCustom":false},{"value":"young","confidence":0.7676661014556885,"isCustom":false},{"value":"handsome","confidence":0.7491799592971802,"isCustom":false},{"value":"caucasian","confidence":0.7394675016403198,"isCustom":false},{"value":"people","confidence":0.7373437285423279,"isCustom":false},{"value":"casual","confidence":0.7113214731216431,"isCustom":false},{"value":"guy","confidence":0.7095109224319458,"isCustom":false},{"value":"person","confidence":0.7017443776130676,"isCustom":false},{"value":"white","confidence":0.699290931224823,"isCustom":false},{"value":"men","confidence":0.6742606163024902,"isCustom":false},{"value":"closeup","confidence":0.6728361248970032,"isCustom":false},{"value":"attractive","confidence":0.6686948537826538,"isCustom":false},{"value":"background","confidence":0.6510308980941772,"isCustom":false},{"value":"close-up","confidence":0.6462779641151428,"isCustom":false},{"value":"eyes","confidence":0.6458319425582886,"isCustom":false},{"value":"isolated","confidence":0.6443356275558472,"isCustom":false},{"value":"hair","confidence":0.6392409205436707,"isCustom":false},{"value":"one","confidence":0.6363226771354675,"isCustom":false},{"value":"beauty","confidence":0.6317833662033081,"isCustom":false},{"value":"fashion","confidence":0.6277536153793335,"isCustom":false},{"value":"head","confidence":0.6269322037696838,"isCustom":false}]}
