<?xml version="1.0" encoding="UTF-8"?>
<jcr:root xmlns:sling="http://sling.apache.org/jcr/sling/1.0" xmlns:fdm="http://www.adobe.com/aemfd/fdm/1.0" xmlns:jcr="http://www.jcp.org/jcr/1.0" xmlns:nt="http://www.jcp.org/jcr/nt/1.0"
    jcr:primaryType="sling:Folder">
    <jcr:content
        jcr:primaryType="nt:unstructured"
        name="celent"
        rendition.handler.id="fdm.structure"
        title="celent">
        <definitions jcr:primaryType="nt:unstructured">
            <member_1563743787488
                fdm:binaryEntity="{Boolean}false"
                fdm:bindRef="member"
                fdm:defaultBinaryEntity="{Boolean}false"
                fdm:genericOperationAllowed="{Boolean}false"
                fdm:rootEntity="{Boolean}true"
                fdm:schemaName="DEFAULT_SCHEMA"
                fdm:source="source2"
                jcr:primaryType="nt:unstructured"
                id="member_1563743787488"
                name="member">
                <links jcr:primaryType="nt:unstructured"/>
                <properties jcr:primaryType="nt:unstructured">
                    <user
                        fdm:bindRef="user"
                        fdm:computed="{Boolean}false"
                        fdm:nullable="{Boolean}true"
                        fdm:primaryKey="{Boolean}false"
                        fdm:protected="{Boolean}false"
                        fdm:required="{Boolean}false"
                        jcr:primaryType="nt:unstructured"
                        _x0024_ref="user_1563743787488"
                        name="user"
                        type="object"/>
                </properties>
            </member_1563743787488>
            <user_1563743787488
                fdm:binaryEntity="{Boolean}false"
                fdm:bindRef="user"
                fdm:defaultBinaryEntity="{Boolean}false"
                fdm:genericOperationAllowed="{Boolean}false"
                fdm:rootEntity="{Boolean}false"
                fdm:schemaName="DEFAULT_SCHEMA"
                fdm:source="source2"
                jcr:primaryType="nt:unstructured"
                id="user_1563743787488"
                name="user">
                <links jcr:primaryType="nt:unstructured"/>
                <properties jcr:primaryType="nt:unstructured">
                    <name
                        fdm:bindRef="name"
                        fdm:computed="{Boolean}false"
                        fdm:nullable="{Boolean}true"
                        fdm:primaryKey="{Boolean}false"
                        fdm:protected="{Boolean}false"
                        fdm:required="{Boolean}false"
                        jcr:primaryType="nt:unstructured"
                        name="name"
                        type="string"/>
                    <state
                        fdm:bindRef="state"
                        fdm:computed="{Boolean}false"
                        fdm:nullable="{Boolean}true"
                        fdm:primaryKey="{Boolean}false"
                        fdm:protected="{Boolean}false"
                        fdm:required="{Boolean}false"
                        jcr:primaryType="nt:unstructured"
                        name="state"
                        type="string"/>
                    <beneficiaries
                        fdm:bindRef="beneficiaries"
                        fdm:computed="{Boolean}false"
                        fdm:nullable="{Boolean}true"
                        fdm:primaryKey="{Boolean}false"
                        fdm:protected="{Boolean}false"
                        fdm:required="{Boolean}false"
                        jcr:primaryType="nt:unstructured"
                        name="beneficiaries"
                        type="array">
                        <items
                            fdm:binaryEntity="{Boolean}false"
                            fdm:bindRef="items"
                            fdm:defaultBinaryEntity="{Boolean}false"
                            fdm:genericOperationAllowed="{Boolean}false"
                            fdm:rootEntity="{Boolean}true"
                            jcr:primaryType="nt:unstructured"
                            _x0024_ref="beneficiary_1563743787487"
                            name="items"
                            type="object">
                            <links jcr:primaryType="nt:unstructured"/>
                        </items>
                    </beneficiaries>
                    <zip
                        fdm:bindRef="zip"
                        fdm:computed="{Boolean}false"
                        fdm:nullable="{Boolean}true"
                        fdm:primaryKey="{Boolean}false"
                        fdm:protected="{Boolean}false"
                        fdm:required="{Boolean}false"
                        jcr:primaryType="nt:unstructured"
                        name="zip"
                        type="string"/>
                    <address
                        fdm:bindRef="address"
                        fdm:computed="{Boolean}false"
                        fdm:nullable="{Boolean}true"
                        fdm:primaryKey="{Boolean}false"
                        fdm:protected="{Boolean}false"
                        fdm:required="{Boolean}false"
                        jcr:primaryType="nt:unstructured"
                        name="address"
                        type="string"/>
                    <city
                        fdm:bindRef="city"
                        fdm:computed="{Boolean}false"
                        fdm:nullable="{Boolean}true"
                        fdm:primaryKey="{Boolean}false"
                        fdm:protected="{Boolean}false"
                        fdm:required="{Boolean}false"
                        jcr:primaryType="nt:unstructured"
                        name="city"
                        type="string"/>
                    <id
                        fdm:bindRef="id"
                        fdm:computed="{Boolean}false"
                        fdm:nullable="{Boolean}true"
                        fdm:primaryKey="{Boolean}false"
                        fdm:protected="{Boolean}false"
                        fdm:required="{Boolean}false"
                        jcr:primaryType="nt:unstructured"
                        name="id"
                        type="string"/>
                    <possibleWithdrawals
                        fdm:bindRef="possibleWithdrawals"
                        fdm:computed="{Boolean}false"
                        fdm:nullable="{Boolean}true"
                        fdm:primaryKey="{Boolean}false"
                        fdm:protected="{Boolean}false"
                        fdm:required="{Boolean}false"
                        jcr:primaryType="nt:unstructured"
                        name="possibleWithdrawals"
                        type="number"/>
                    <currentContributions
                        fdm:bindRef="currentContributions"
                        fdm:computed="{Boolean}false"
                        fdm:nullable="{Boolean}true"
                        fdm:primaryKey="{Boolean}false"
                        fdm:protected="{Boolean}false"
                        fdm:required="{Boolean}false"
                        jcr:primaryType="nt:unstructured"
                        name="currentContributions"
                        type="number"/>
                    <onlineBanking
                        fdm:bindRef="onlineBanking"
                        fdm:computed="{Boolean}false"
                        fdm:nullable="{Boolean}true"
                        fdm:primaryKey="{Boolean}false"
                        fdm:protected="{Boolean}false"
                        fdm:required="{Boolean}false"
                        jcr:primaryType="nt:unstructured"
                        name="onlineBanking"
                        type="string"/>
                    <directDeposit
                        fdm:bindRef="directDeposit"
                        fdm:computed="{Boolean}false"
                        fdm:nullable="{Boolean}true"
                        fdm:primaryKey="{Boolean}false"
                        fdm:protected="{Boolean}false"
                        fdm:required="{Boolean}false"
                        jcr:primaryType="nt:unstructured"
                        name="directDeposit"
                        type="string"/>
                    <retired
                        fdm:bindRef=""
                        fdm:computed="{Boolean}false"
                        fdm:nullable="{Boolean}true"
                        fdm:primaryKey="{Boolean}false"
                        fdm:protected="{Boolean}false"
                        fdm:required="{Boolean}false"
                        jcr:primaryType="nt:unstructured"
                        name="retired"
                        type="string"/>
                </properties>
            </user_1563743787488>
            <beneficiary_1563743787487
                fdm:binaryEntity="{Boolean}false"
                fdm:bindRef="beneficiary"
                fdm:defaultBinaryEntity="{Boolean}false"
                fdm:genericOperationAllowed="{Boolean}false"
                fdm:rootEntity="{Boolean}false"
                fdm:schemaName="DEFAULT_SCHEMA"
                fdm:source="source2"
                jcr:primaryType="nt:unstructured"
                id="beneficiary_1563743787487"
                name="beneficiary">
                <links jcr:primaryType="nt:unstructured"/>
                <properties jcr:primaryType="nt:unstructured">
                    <name
                        fdm:bindRef="name"
                        fdm:computed="{Boolean}false"
                        fdm:nullable="{Boolean}true"
                        fdm:primaryKey="{Boolean}false"
                        fdm:protected="{Boolean}false"
                        fdm:required="{Boolean}false"
                        jcr:primaryType="nt:unstructured"
                        name="name"
                        type="string"/>
                    <relation
                        fdm:bindRef="relation"
                        fdm:computed="{Boolean}false"
                        fdm:nullable="{Boolean}true"
                        fdm:primaryKey="{Boolean}false"
                        fdm:protected="{Boolean}false"
                        fdm:required="{Boolean}false"
                        jcr:primaryType="nt:unstructured"
                        name="relation"
                        type="string"/>
                    <percentage
                        fdm:bindRef="percentage"
                        fdm:computed="{Boolean}false"
                        fdm:nullable="{Boolean}true"
                        fdm:primaryKey="{Boolean}false"
                        fdm:protected="{Boolean}false"
                        fdm:required="{Boolean}false"
                        jcr:primaryType="nt:unstructured"
                        name="percentage"
                        type="string"/>
                </properties>
            </beneficiary_1563743787487>
        </definitions>
        <links jcr:primaryType="nt:unstructured">
            <get_getbeneficiariesid15637437987610
                fdm:source="source2"
                jcr:primaryType="nt:unstructured"
                description="Gets the transction of user by id"
                genericOperation="{Boolean}false"
                href="localhost:8080/SampleRest/webapi"
                id="GET /getBeneficiaries/{id}_15637437987610"
                method="GET"
                name="GET /getBeneficiaries/{id}"
                rel="member_1563743787488">
                <fdm:data jcr:primaryType="nt:unstructured"/>
                <schema
                    fdm:bindRef="schema"
                    fdm:computed="{Boolean}false"
                    fdm:nullable="{Boolean}true"
                    fdm:primaryKey="{Boolean}false"
                    fdm:protected="{Boolean}false"
                    fdm:required="{Boolean}false"
                    jcr:primaryType="nt:unstructured"
                    description="operation input description"
                    name="schema"
                    type="object">
                    <properties jcr:primaryType="nt:unstructured">
                        <id
                            fdm:bindRef="id"
                            fdm:computed="{Boolean}false"
                            fdm:in="path"
                            fdm:nullable="{Boolean}true"
                            fdm:primaryKey="{Boolean}false"
                            fdm:protected="{Boolean}false"
                            fdm:required="{Boolean}true"
                            jcr:primaryType="nt:unstructured"
                            description="Account Number of the Customer"
                            name="id"
                            type="string"/>
                    </properties>
                </schema>
                <targetSchema
                    fdm:bindRef="member"
                    fdm:computed="{Boolean}false"
                    fdm:nullable="{Boolean}true"
                    fdm:primaryKey="{Boolean}false"
                    fdm:protected="{Boolean}false"
                    fdm:required="{Boolean}false"
                    jcr:primaryType="nt:unstructured"
                    _x0024_ref="member_1563743787488"
                    name="member"
                    type="object"/>
            </get_getbeneficiariesid15637437987610>
        </links>
        <properties jcr:primaryType="nt:unstructured">
            <member_1563743787488
                fdm:computed="{Boolean}false"
                fdm:nullable="{Boolean}true"
                fdm:protected="{Boolean}false"
                fdm:required="{Boolean}false"
                jcr:primaryType="nt:unstructured"
                _x0024_ref="member_1563743787488"
                name="member_1563743787488"/>
        </properties>
    </jcr:content>
</jcr:root>
