<?xml version="1.0" encoding="UTF-8"?>
<jcr:root xmlns:sling="http://sling.apache.org/jcr/sling/1.0" xmlns:fdm="http://www.adobe.com/aemfd/fdm/1.0" xmlns:jcr="http://www.jcp.org/jcr/1.0" xmlns:nt="http://www.jcp.org/jcr/nt/1.0"
    jcr:primaryType="sling:Folder">
    <jcr:content
        jcr:primaryType="nt:unstructured"
        name="getcreditscore"
        rendition.handler.id="fdm.structure"
        title="GetCreditScore">
        <definitions jcr:primaryType="nt:unstructured">
            <credit_1516078845673
                fdm:binaryEntity="{Boolean}false"
                fdm:bindRef="credit"
                fdm:defaultBinaryEntity="{Boolean}false"
                fdm:genericOperationAllowed="{Boolean}false"
                fdm:rootEntity="{Boolean}true"
                fdm:schemaName="DEFAULT_SCHEMA"
                fdm:source="source1"
                jcr:primaryType="nt:unstructured"
                id="credit_1516078845673"
                name="credit">
                <links jcr:primaryType="nt:unstructured">
                    <get_getcreditscoressn1516078929284
                        fdm:source="source1"
                        jcr:primaryType="nt:unstructured"
                        description="Gets the users credit score"
                        genericOperation="{Boolean}false"
                        href="rahulj-2k8:8080/SampleRest/webapi"
                        id="GET /getCreditScore/{ssn}_1516078929284"
                        method="GET"
                        name="GET /getCreditScore/{ssn}"
                        rel="self">
                        <fdm:data
                            jcr:primaryType="nt:unstructured"
                            ssn="9876"/>
                        <schema
                            fdm:bindRef="schema"
                            fdm:computed="{Boolean}false"
                            fdm:primaryKey="{Boolean}false"
                            fdm:protected="{Boolean}false"
                            fdm:required="{Boolean}false"
                            jcr:primaryType="nt:unstructured"
                            description="operation input description"
                            name="schema"
                            type="object">
                            <properties jcr:primaryType="nt:unstructured">
                                <ssn
                                    fdm:bindRef="ssn"
                                    fdm:computed="{Boolean}false"
                                    fdm:in="path"
                                    fdm:primaryKey="{Boolean}false"
                                    fdm:protected="{Boolean}false"
                                    fdm:required="{Boolean}true"
                                    jcr:primaryType="nt:unstructured"
                                    description="SSN of the Customer"
                                    name="ssn"
                                    type="string"/>
                            </properties>
                        </schema>
                        <targetSchema
                            fdm:bindRef="credit"
                            fdm:computed="{Boolean}false"
                            fdm:primaryKey="{Boolean}false"
                            fdm:protected="{Boolean}false"
                            fdm:required="{Boolean}false"
                            jcr:primaryType="nt:unstructured"
                            _x0024_ref="credit_1516078845673"
                            name="credit"
                            title="credit"
                            type="object"/>
                    </get_getcreditscoressn1516078929284>
                </links>
                <properties jcr:primaryType="nt:unstructured">
                    <creditScore
                        fdm:bindRef="creditScore"
                        fdm:computed="{Boolean}false"
                        fdm:primaryKey="{Boolean}false"
                        fdm:protected="{Boolean}false"
                        fdm:required="{Boolean}false"
                        jcr:primaryType="nt:unstructured"
                        name="creditScore"
                        type="number"/>
                </properties>
            </credit_1516078845673>
        </definitions>
        <links jcr:primaryType="nt:unstructured">
            <get_getcreditscoressn15163867485480
                fdm:source="source1"
                jcr:primaryType="nt:unstructured"
                description="Gets the users credit score"
                genericOperation="{Boolean}false"
                href="rahulj-2k8:8080/SampleRest/webapi"
                id="GET /getCreditScore/{ssn}_15163867485480"
                method="GET"
                name="GET /getCreditScore/{ssn}"
                rel="credit_1516078845673">
                <fdm:data jcr:primaryType="nt:unstructured"/>
                <schema
                    fdm:bindRef="schema"
                    fdm:computed="{Boolean}false"
                    fdm:primaryKey="{Boolean}false"
                    fdm:protected="{Boolean}false"
                    fdm:required="{Boolean}false"
                    jcr:primaryType="nt:unstructured"
                    description="operation input description"
                    name="schema"
                    type="object">
                    <properties jcr:primaryType="nt:unstructured">
                        <ssn
                            fdm:bindRef="ssn"
                            fdm:computed="{Boolean}false"
                            fdm:in="path"
                            fdm:primaryKey="{Boolean}false"
                            fdm:protected="{Boolean}false"
                            fdm:required="{Boolean}true"
                            jcr:primaryType="nt:unstructured"
                            description="SSN of the Customer"
                            name="ssn"
                            type="string"/>
                    </properties>
                </schema>
                <targetSchema
                    fdm:bindRef="credit"
                    fdm:computed="{Boolean}false"
                    fdm:primaryKey="{Boolean}false"
                    fdm:protected="{Boolean}false"
                    fdm:required="{Boolean}false"
                    jcr:primaryType="nt:unstructured"
                    _x0024_ref="credit_1516078845673"
                    name="credit"
                    title="credit"
                    type="object"/>
            </get_getcreditscoressn15163867485480>
        </links>
        <properties jcr:primaryType="nt:unstructured">
            <credit_1516078845673
                fdm:computed="{Boolean}false"
                fdm:protected="{Boolean}false"
                fdm:required="{Boolean}false"
                jcr:primaryType="nt:unstructured"
                _x0024_ref="credit_1516078845673"
                name="credit_1516078845673"/>
        </properties>
    </jcr:content>
</jcr:root>
