<?xml version="1.0" encoding="UTF-8"?>
<jcr:root xmlns:sling="http://sling.apache.org/jcr/sling/1.0" xmlns:cq="http://www.day.com/jcr/cq/1.0" xmlns:jcr="http://www.jcp.org/jcr/1.0" xmlns:nt="http://www.jcp.org/jcr/nt/1.0"
    jcr:isCheckedOut="{Boolean}false"
    jcr:primaryType="cq:WorkflowModel"
    jcr:uuid="45c6bfdb-d04d-4602-b44d-cb7cbb176a72"
    sling:resourceType="cq/workflow/components/model"
    description="No Description"
    title="addNewEmoloyee">
    <variables jcr:primaryType="nt:unstructured">
        <submittedData
            jcr:primaryType="nt:unstructured"
            additionalProperties="\{&quot;jsonSchemaRef&quot;:&quot;/content/dam/formsanddocuments-fdm/addnewemployee&quot;}"
            name="submittedData"
            type="com.adobe.aem.dermis.api.FormDataModelInstance"/>
        <employeePhoto
            jcr:primaryType="nt:unstructured"
            name="employeePhoto"
            type="com.adobe.aemfd.docmanager.Document"/>
        <listOfDocuments
            jcr:primaryType="nt:unstructured"
            name="listOfDocuments"
            subType="com.adobe.aemfd.docmanager.Document"
            type="java.util.ArrayList"/>
    </variables>
    <metaData
        cq:generatingPage="/conf/global/settings/workflow/models/addnewemoloyee/jcr:content"
        cq:lastModified="{Long}1654109133872"
        cq:lastModifiedBy="admin"
        jcr:primaryType="nt:unstructured"/>
    <nodes jcr:primaryType="nt:unstructured">
        <node0
            jcr:primaryType="cq:WorkflowNode"
            title="Start"
            type="START">
            <metaData jcr:primaryType="nt:unstructured"/>
        </node0>
        <node1
            jcr:primaryType="cq:WorkflowNode"
            description="Set value of variables"
            title="Initialize Submitted Data"
            type="PROCESS">
            <metaData
                jcr:primaryType="nt:unstructured"
                PROCESS="com.adobe.granite.workflow.core.process.SetVariableProcess"
                PROCESS_AUTO_ADVANCE="true"
                variableMappings="\{&quot;variableName&quot;:&quot;submittedData&quot;,&quot;mappingType&quot;:&quot;RELATIVE_TO_PAYLOAD&quot;,&quot;mappingValue&quot;:&quot;data.json&quot;}"/>
        </node1>
        <node2
            jcr:primaryType="cq:WorkflowNode"
            title="Initialize Employee Photo"
            type="PROCESS">
            <metaData
                jcr:primaryType="nt:unstructured"
                PROCESS="/apps/workflow/scripts/initializedocumentvariable.ecma"
                PROCESS_AUTO_ADVANCE="true"/>
        </node2>
        <node3
            jcr:primaryType="cq:WorkflowNode"
            description="Invoke a Form Data Model Service to fetch or post data to a data source."
            title="Insert data and attachment into database"
            type="PROCESS">
            <metaData
                jcr:primaryType="nt:unstructured"
                binarypathcombined="[,,,,,,VARIABLE:employeePhoto]"
                FDM_PATH="/content/dam/formsanddocuments-fdm/addnewemployee"
                inputjsonpathcombined="VARIABLE:submittedData"
                inputkey="[newhire.FirstName,newhire.LastName,newhire.Street,newhire.City,newhire.Zip,newhire.State,newhire.picture]"
                inputoption="[xpath,xpath,xpath,xpath,xpath,xpath,literal]"
                inputvalue="[newhire.FirstName,newhire.LastName,newhire.Street,newhire.City,newhire.Zip,newhire.State,]"
                inputvariablevalue="[,,,,,,]"
                isarray="[false,false,false,false,false,false,false]"
                isbinary="[false,false,false,false,false,false,true]"
                isjsoninput="MANUAL"
                isjsonoutput="MANUAL"
                isrequired="[false,false,false,false,false,false,false]"
                mapinputfields="false"
                mapinputfieldshidden="true"
                OPERATION="insert"
                outputkey="response"
                outputoption="wfmetadata"
                outputvalue="response"
                PROCESS="com.adobe.fd.workflow.fdm.step.FDMOperationStep"
                PROCESS_AUTO_ADVANCE="true"
                SUBTYPE="forms:fdmoperation"
                terminateWorkflow="true"
                ValidationLevel="Basic"
                WORK_ITEM_TYPE="FDM_OPERATION_STEP"/>
        </node3>
        <node4
            jcr:primaryType="cq:WorkflowNode"
            title="End"
            type="END">
            <metaData jcr:primaryType="nt:unstructured"/>
        </node4>
    </nodes>
    <transitions jcr:primaryType="nt:unstructured">
        <node0_x0023_node1
            jcr:primaryType="cq:WorkflowTransition"
            from="node0"
            rule=""
            to="node1">
            <metaData jcr:primaryType="nt:unstructured"/>
        </node0_x0023_node1>
        <node1_x0023_node2
            jcr:primaryType="cq:WorkflowTransition"
            from="node1"
            rule=""
            to="node2">
            <metaData jcr:primaryType="nt:unstructured"/>
        </node1_x0023_node2>
        <node2_x0023_node3
            jcr:primaryType="cq:WorkflowTransition"
            from="node2"
            rule=""
            to="node3">
            <metaData jcr:primaryType="nt:unstructured"/>
        </node2_x0023_node3>
        <node3_x0023_node4
            jcr:primaryType="cq:WorkflowTransition"
            from="node3"
            to="node4">
            <metaData jcr:primaryType="nt:unstructured"/>
        </node3_x0023_node4>
    </transitions>
</jcr:root>
