<?xml version="1.0" encoding="UTF-8"?>
<jcr:root xmlns:sling="http://sling.apache.org/jcr/sling/1.0" xmlns:cq="http://www.day.com/jcr/cq/1.0" xmlns:jcr="http://www.jcp.org/jcr/1.0" xmlns:nt="http://www.jcp.org/jcr/nt/1.0"
    jcr:isCheckedOut="{Boolean}false"
    jcr:primaryType="cq:WorkflowModel"
    jcr:uuid="1eee1973-da9a-4aeb-a07b-e51a62c1806d"
    sling:resourceType="cq/workflow/components/model"
    description="No Description"
    title="ReviewSubmittedPDF">
    <variables jcr:primaryType="nt:unstructured">
        <submittedPDF
            jcr:primaryType="nt:unstructured"
            name="submittedPDF"
            type="com.adobe.aemfd.docmanager.Document"/>
    </variables>
    <metaData
        cq:generatingPage="/conf/global/settings/workflow/models/ReviewSubmittedPDF/jcr:content"
        cq:lastModified="{Long}1724868469096"
        cq:lastModifiedBy="admin"
        jcr:primaryType="nt:unstructured"/>
    <nodes jcr:primaryType="nt:unstructured">
        <node0
            jcr:primaryType="cq:WorkflowNode"
            title="Start"
            type="START">
            <metaData jcr:primaryType="nt:unstructured"/>
        </node0>
        <node1
            jcr:primaryType="cq:WorkflowNode"
            description="Generate Non Interactive PDF"
            title="Generate Non Interactive PDF"
            type="PROCESS">
            <metaData
                jcr:primaryType="nt:unstructured"
                acrobatversion="Acrobat_10"
                data="FILE_PAYLOAD:"
                outputpdf="VARIABLE:submittedPDF"
                PROCESS="com.adobe.fd.workflow.output.impl.GeneratePDFOutputProcess"
                PROCESS_AUTO_ADVANCE="true"
                urlOrFileName="ABSOLUTE_PATH:/content/dam/formsanddocuments/w9.xdp"/>
        </node1>
        <node2
            jcr:primaryType="cq:WorkflowNode"
            description="Please review the submitted pdf"
            title="Review the Submitted PDF"
            type="PROCESS">
            <metaData
                jcr:primaryType="nt:unstructured"
                ALLOW_OUT_OF_OFFICE="false"
                allowExplicitSharing="false"
                allowInboxSharing="false"
                DELEGATE_TO="workflow-users"
                DUEDATE_UNIT="OFF"
                DYNAMIC_ASSIGNEE="[,]"
                FORM_CHOOSER_SERVICE="com.adobe.fd.workflow.api.fdinternal.PayloadFormChooser"
                FORM_TYPE="PDF"
                HISTORY_DOR="READONLY_AF"
                HTML_EMAIL_TEMPLATE_LOCATION="/libs/fd/dashboard/templates/email/htmlEmailTemplate.txt"
                icDataSourceType="PROVIDEDATADOCUMENT"
                IS_ATTACHMENT_ALLOWED="true"
                IS_COMMENT_ALLOWED="true"
                IS_NEXT_STEP_DATA_ALLOWED="true"
                IS_PREVIOUS_STEP_DATA_ALLOWED="true"
                PARTICIPANT="workflow-users"
                PDF_COMBINED_PATH="VARIABLE:submittedPDF"
                PROCESS="com.adobe.fd.workspace.step.service.AssignFormStep"
                PROCESS_AUTO_ADVANCE="false"
                PROCESS_PARTICIPANT_TYPE="static"
                PROVIDE_METADATA="true"
                RECIPIENT_EMAIL_RESOLUTION="DEFAULT"
                ROUTE_PROPERTYNAME="actionTaken"
                SHOW_ACTION="true"
                SHOW_ASSIGNEE="true"
                SHOW_COMMENT="true"
                SHOW_DOCUMENT_OF_COMPLETED_TASK="true"
                SHOW_PRE_STEP_COMMENT_ATTACHMENT="true"
                SHOW_RESET="true"
                SHOW_SAVE="true"
                SHOW_SUBMIT="true"
                STATIC_ASSIGNEE="admin"
                SUBTYPE="forms:assigntask"
                TASK_PRIORITY="MEDIUM"
                TIMEOUT_HANDLER="[,]"
                USER_METADATA_RESOURCE="[,]"
                WORK_ITEM_TYPE="AF_ASSIGN_STEP"
                workflowStage="[,]"/>
        </node2>
        <node3
            jcr:primaryType="cq:WorkflowNode"
            title="End"
            type="END">
            <metaData jcr:primaryType="nt:unstructured"/>
        </node3>
    </nodes>
    <transitions jcr:primaryType="nt:unstructured">
        <node0_x0023_node1
            jcr:primaryType="cq:WorkflowTransition"
            from="node0"
            rule=""
            to="node1">
            <metaData jcr:primaryType="nt:unstructured"/>
        </node0_x0023_node1>
        <node1_x0023_node2
            jcr:primaryType="cq:WorkflowTransition"
            from="node1"
            rule=""
            to="node2">
            <metaData jcr:primaryType="nt:unstructured"/>
        </node1_x0023_node2>
        <node2_x0023_node3
            jcr:primaryType="cq:WorkflowTransition"
            from="node2"
            to="node3">
            <metaData jcr:primaryType="nt:unstructured"/>
        </node2_x0023_node3>
    </transitions>
</jcr:root>
