{
    ":items": {},
    ":itemsOrder": [],
    ":type": "wknd-events/components/structure/app",
    ":hierarchyType": "page",
    ":path": "/content/wknd-events/react",
    ":children": {
        "/content/wknd-events/react/home": {
            ":items": {
                "root": {
                    "gridClassNames": "aem-Grid aem-Grid--12 aem-Grid--default--12",
                    "columnCount": 12,
                    "columnClassNames": {
                        "responsivegrid": "aem-GridColumn aem-GridColumn--default--12"
                    },
                    ":items": {
                        "responsivegrid": {
                            "gridClassNames": "aem-Grid aem-Grid--12 aem-Grid--default--12",
                            "columnCount": 12,
                            "columnClassNames": {
                                "image": "aem-GridColumn aem-GridColumn--default--9 aem-GridColumn--offset--default--0 aem-GridColumn--default--none",
                                "text": "aem-GridColumn aem-GridColumn--default--12"
                            },
                            ":items": {
                                "text": {
                                    "text": "<h1>Hello Mock JSON</h1>\r\n",
                                    "richText": true,
                                    ":type": "wknd-events/components/content/text"
                                },
                                "image": {
                                    "alt": "Alternative Text here",
                                    "title": "This is a caption",
                                    "src": "/images/mock-image.jpeg",
                                    "srcUriTemplate": "/content/wknd-events/react/home/_jcr_content/root/responsivegrid/image.coreimg{.width}.jpeg/1539196394835.jpeg",
                                    "lazyEnabled": false,
                                    "widths": [],
                                    ":type": "wknd-events/components/content/image"
                                }
                            },
                            ":itemsOrder": [
                                "text",
                                "image"
                            ],
                            ":type": "wcm/foundation/components/responsivegrid"
                        }
                    },
                    ":itemsOrder": [
                        "responsivegrid"
                    ],
                    ":type": "wcm/foundation/components/responsivegrid"
                }
            },
            ":itemsOrder": [
                "root"
            ],
            ":type": "wknd-events/components/structure/page",
            ":hierarchyType": "page",
            ":path": "/content/wknd-events/react/home",
            "title": "Home"
        }
    },
    "title": "React App"
}