<?xml version="1.0" encoding="UTF-8"?>
<jcr:root xmlns:sling="http://sling.apache.org/jcr/sling/1.0" xmlns:cq="http://www.day.com/jcr/cq/1.0" xmlns:jcr="http://www.jcp.org/jcr/1.0" xmlns:nt="http://www.jcp.org/jcr/nt/1.0"
    jcr:isCheckedOut="{Boolean}false"
    jcr:primaryType="cq:WorkflowModel"
    jcr:uuid="0a26e677-6f6e-42e2-aae3-7ff1a38ca670"
    sling:resourceType="cq/workflow/components/model"
    description="No Description"
    title="Send NDA for signatures">
    <variables jcr:primaryType="nt:unstructured">
        <submittedData
            jcr:primaryType="nt:unstructured"
            name="submittedData"
            type="org.w3c.dom.Document"/>
        <signatureStatus
            jcr:primaryType="nt:unstructured"
            name="signatureStatus"
            type="java.lang.String"/>
        <signersEmail
            jcr:primaryType="nt:unstructured"
            name="signersEmail"
            type="java.lang.String"/>
    </variables>
    <metaData
        cq:generatingPage="/conf/global/settings/workflow/models/send-nda-for-signatures/jcr:content"
        cq:lastModified="{Long}1597098432554"
        cq:lastModifiedBy="admin"
        jcr:primaryType="nt:unstructured"/>
    <nodes jcr:primaryType="nt:unstructured">
        <node0
            jcr:primaryType="cq:WorkflowNode"
            title="Start"
            type="START">
            <metaData jcr:primaryType="nt:unstructured"/>
        </node0>
        <node1
            jcr:primaryType="cq:WorkflowNode"
            description="Set value of variables"
            title="Set Variable"
            type="PROCESS">
            <metaData
                jcr:primaryType="nt:unstructured"
                PROCESS="com.adobe.granite.workflow.core.process.SetVariableProcess"
                PROCESS_AUTO_ADVANCE="true"
                variableMappings="[{&quot;variableName&quot;:&quot;submittedData&quot;\,&quot;mappingType&quot;:&quot;RELATIVE_TO_PAYLOAD&quot;\,&quot;mappingValue&quot;:&quot;Data.xml&quot;},{&quot;variableName&quot;:&quot;signersEmail&quot;\,&quot;mappingType&quot;:&quot;XPATH&quot;\,&quot;mappingValue&quot;:&quot;submittedData:afData/afUnboundData/data/recipientEmail&quot;}]"/>
        </node1>
        <node2
            jcr:primaryType="cq:WorkflowNode"
            description="Sign Document"
            title="Sign Document"
            type="PROCESS">
            <metaData
                jcr:primaryType="nt:unstructured"
                FORM_WORK_ITEM_TYPE="ADOBESIGN_STEP"
                inputpath="FOLDER_PAYLOAD:NDAAgreement.PDF"
                locale="en_US"
                name="Non Disclosure Agreement"
                output="RELATIVE_PLOAD:signedAgreement.pdf"
                PROCESS="com.adobe.fd.workflow.adobesign.impl.AgreementCreation"
                PROCESS_AUTO_ADVANCE="false"
                PROCESS_PERSIST_ANONYMOUS_WORKITEM="true"
                reminderFrequency="DAILY_UNTIL_SIGNED"
                signatureFlow="SEQUENTIAL"
                signConfig="/conf/AdobeRocks/settings/cloudconfigs/echosign/adoberockswithsign"
                signerDetails="Static"
                staticSigners="\{&quot;email&quot;:&quot;VARIABLE:signersEmail&quot;,&quot;authenticationType&quot;:&quot;None&quot;,&quot;countryCode&quot;:&quot;&quot;,&quot;phoneNumber&quot;:&quot;&quot;}"
                statusVariableField="signatureStatus"
                variableForStatus="VARIABLE:signatureStatus"/>
        </node2>
        <node3
            jcr:primaryType="cq:WorkflowNode"
            title="End"
            type="END">
            <metaData jcr:primaryType="nt:unstructured"/>
        </node3>
    </nodes>
    <transitions jcr:primaryType="nt:unstructured">
        <node0_x0023_node1
            jcr:primaryType="cq:WorkflowTransition"
            from="node0"
            rule=""
            to="node1">
            <metaData jcr:primaryType="nt:unstructured"/>
        </node0_x0023_node1>
        <node1_x0023_node2
            jcr:primaryType="cq:WorkflowTransition"
            from="node1"
            rule=""
            to="node2">
            <metaData jcr:primaryType="nt:unstructured"/>
        </node1_x0023_node2>
        <node2_x0023_node3
            jcr:primaryType="cq:WorkflowTransition"
            from="node2"
            to="node3">
            <metaData jcr:primaryType="nt:unstructured"/>
        </node2_x0023_node3>
    </transitions>
</jcr:root>
