<?xml version="1.0" encoding="UTF-8"?>
<jcr:root xmlns:sling="http://sling.apache.org/jcr/sling/1.0" xmlns:granite="http://www.adobe.com/jcr/granite/1.0" xmlns:cq="http://www.day.com/jcr/cq/1.0" xmlns:jcr="http://www.jcp.org/jcr/1.0" xmlns:nt="http://www.jcp.org/jcr/nt/1.0"
    jcr:primaryType="nt:unstructured"
    jcr:title="Extract Document from ArrayList of Documents"
    sling:resourceType="cq/gui/components/authoring/dialog"
    extraClientlibs="[cq.workflow-util]">
    <content
        jcr:primaryType="nt:unstructured"
        sling:resourceType="granite/ui/components/coral/foundation/tabs">
        <items jcr:primaryType="nt:unstructured">
            <processcommon
                jcr:primaryType="nt:unstructured"
                jcr:title="Common"
                sling:resourceType="granite/ui/components/coral/foundation/fixedcolumns">
                <items jcr:primaryType="nt:unstructured">
                    <column
                        jcr:primaryType="nt:unstructured"
                        sling:resourceType="granite/ui/components/coral/foundation/container">
                        <items jcr:primaryType="nt:unstructured">
                            <basic
                                jcr:primaryType="nt:unstructured"
                                sling:resourceType="granite/ui/components/coral/foundation/form/fieldset">
                                <items jcr:primaryType="nt:unstructured">
                                    <title
                                        jcr:primaryType="nt:unstructured"
                                        sling:resourceType="granite/ui/components/coral/foundation/form/textfield"
                                        disabled="false"
                                        fieldLabel="Title"
                                        name="./jcr:title"/>
                                    <description
                                        jcr:primaryType="nt:unstructured"
                                        sling:resourceType="granite/ui/components/coral/foundation/form/textarea"
                                        disabled="false"
                                        fieldLabel="Description"
                                        name="./jcr:description"/>
                                </items>
                            </basic>
                            <advanced
                                jcr:primaryType="nt:unstructured"
                                jcr:title="Advanced Settings"
                                sling:resourceType="granite/ui/components/coral/foundation/form/fieldset">
                                <items jcr:primaryType="nt:unstructured">
                                    <advance
                                        jcr:primaryType="nt:unstructured"
                                        sling:resourceType="granite/ui/components/coral/foundation/form/checkbox"
                                        fieldDescription="Check if your handler will advance to the next step."
                                        fieldLabel="Handler Advance"
                                        name="./metaData/PROCESS_AUTO_ADVANCE"
                                        text="Handler Advance"
                                        value="true"/>
                                </items>
                            </advanced>
                        </items>
                    </column>
                </items>
            </processcommon>
            <processargs
                jcr:primaryType="nt:unstructured"
                jcr:title="Arguments"
                sling:resourceType="granite/ui/components/coral/foundation/fixedcolumns">
                <items jcr:primaryType="nt:unstructured">
                    <column
                        jcr:primaryType="nt:unstructured"
                        sling:resourceType="granite/ui/components/coral/foundation/container">
                        <items jcr:primaryType="nt:unstructured">
                            <arguments
                                jcr:primaryType="nt:unstructured"
                                jcr:title="Specify the details"
                                sling:resourceType="granite/ui/components/coral/foundation/form/fieldset">
                                <items jcr:primaryType="nt:unstructured">
                                    <inputsContainer
                                        granite:class="variablesetter-dialog-inputscontainer"
                                        jcr:primaryType="nt:unstructured"
                                        sling:resourceType="granite/ui/components/coral/foundation/container">
                                        <items jcr:primaryType="nt:unstructured">
                                            <SELECTED_ARRAY_LIST
                                                jcr:primaryType="nt:unstructured"
                                                sling:resourceType="granite/ui/components/foundation/container">
                                                <items jcr:primaryType="nt:unstructured">
                                                    <inputDocumentFieldSet
                                                        jcr:primaryType="nt:unstructured"
                                                        sling:resourceType="granite/ui/components/coral/foundation/include"
                                                        path="fd/workflow/components/common/inputOutputComponent"/>
                                                </items>
                                                <granite:data
                                                    jcr:primaryType="nt:unstructured"
                                                    categories="VARIABLE"
                                                    isvariablearray="true"
                                                    label="Select Array List Of Documents"
                                                    name="./metaData/SELECTED_ARRAY_LIST"
                                                    variabletype="com.adobe.aemfd.docmanager.Document"/>
                                            </SELECTED_ARRAY_LIST>
                                            <ARRAY_ITEM_TO_EXTRACT
                                                jcr:primaryType="nt:unstructured"
                                                sling:resourceType="granite/ui/components/coral/foundation/form/textfield"
                                                fieldLabel="Specify the item in the list to extract"
                                                name="./metaData/ARRAY_ITEM_TO_EXTRACT"
                                                required="{Boolean}true"/>
                                            <SELECTED_VARIABLE
                                                jcr:primaryType="nt:unstructured"
                                                sling:resourceType="granite/ui/components/foundation/container">
                                                <items jcr:primaryType="nt:unstructured">
                                                    <inputDocumentFieldSet
                                                        jcr:primaryType="nt:unstructured"
                                                        sling:resourceType="granite/ui/components/coral/foundation/include"
                                                        path="fd/workflow/components/common/inputOutputComponent"/>
                                                </items>
                                                <granite:data
                                                    jcr:primaryType="nt:unstructured"
                                                    categories="VARIABLE"
                                                    label="Specify the variable to store the extracted list tiem"
                                                    name="./metaData/SELECTED_VARIABLE"
                                                    variabletype="com.adobe.aemfd.docmanager.Document"/>
                                            </SELECTED_VARIABLE>
                                        </items>
                                    </inputsContainer>
                                </items>
                            </arguments>
                        </items>
                    </column>
                </items>
            </processargs>
            <common
                cq:hideOnEdit="true"
                jcr:primaryType="nt:unstructured"/>
            <process
                cq:hideOnEdit="true"
                jcr:primaryType="nt:unstructured"/>
        </items>
    </content>
</jcr:root>
