<?xml version="1.0" encoding="UTF-8"?>
<Print_Records>
<form1>
   <Name>Ego ille</Name>
   <Address>Si manu vacuas</Address>
   <City>Apros tres et quidem</City>
   <State>Mirum est</State>
   <ZipCode>Licebit auctore</ZipCode>
   <Country>Proinde</Country>
</form1>
<form1>
   <Name>Johnson</Name>
   <Address>Si manu vacuas</Address>
   <City>Apros tres et quidem</City>
   <State>Mirum est</State>
   <ZipCode>Licebit auctore</ZipCode>
   <Country>Proinde</Country>
</form1>
<form1>
   <Name>Peterson</Name>
   <Address>Si manu vacuas</Address>
   <City>Apros tres et quidem</City>
   <State>Mirum est</State>
   <ZipCode>Licebit auctore</ZipCode>
   <Country>Proinde</Country>
</form1>
<form1>
   <Name>Girish Bedekar</Name>
   <Address>Si manu vacuas</Address>
   <City>Apros tres et quidem</City>
   <State>Mirum est</State>
   <ZipCode>Licebit auctore</ZipCode>
   <Country>Proinde</Country>
</form1>
<form1>
   <Name>Ikki</Name>
   <Address>Si manu vacuas</Address>
   <City>Apros tres et quidem</City>
   <State>Mirum est</State>
   <ZipCode>Licebit auctore</ZipCode>
   <Country>Proinde</Country>
</form1>
</Print_Records>