source,dest
https://experienceleague.adobe.com/docs/experience-manager-learn/assets/metadata/search-boost-technical-video-understand.html,https://experienceleague.adobe.com/docs/experience-manager-learn/assets/advanced/closed-user-groups.html
https://experienceleague.adobe.com/docs/experience-manager-learn/assets/asset-template/asset-catalog-template-feature-video-use.html,https://experienceleague.adobe.com/docs/experience-manager-learn/assets/asset-templates/asset-templates-technical-video.html
https://experienceleague.adobe.com/docs/experience-manager-learn/assets/asset-template/asset-templates-feature-video-use.html,https://experienceleague.adobe.com/docs/experience-manager-learn/assets/asset-templates/asset-templates-feature-video-use.html
https://experienceleague.adobe.com/docs/experience-manager-learn/assets/asset-template/asset-templates-technical-video-setup.html,https://experienceleague.adobe.com/docs/experience-manager-learn/assets/asset-templates/asset-templates-technical-video-setup.html
https://experienceleague.adobe.com/docs/experience-manager-learn/assets/collaboration/checkin-checkout-feature-video-use.html,https://experienceleague.adobe.com/docs/experience-manager-learn/assets/collaboration/check-in-and-check-out.html
https://experienceleague.adobe.com/docs/experience-manager-learn/assets/collaboration/annotations-feature-video-use.html,https://experienceleague.adobe.com/docs/experience-manager-learn/assets/collaboration/comments-and-annotations.html
https://experienceleague.adobe.com/docs/experience-manager-learn/assets/collaboration/review-task-compare-feature-video-use.html,https://experienceleague.adobe.com/docs/experience-manager-learn/assets/collaboration/versions.html
https://experienceleague.adobe.com/docs/experience-manager-learn/assets/asset-authoring/asset-version-comparison-feature-video-use.html,https://experienceleague.adobe.com/docs/experience-manager-learn/assets/collaboration/review-task.html
https://experienceleague.adobe.com/docs/experience-manager-learn/assets/creative-cloud/adobe-asset-link-feature-video-use.html,https://experienceleague.adobe.com/docs/experience-manager-learn/assets/creative-workflows/adobe-asset-link.html
https://experienceleague.adobe.com/docs/experience-manager-learn/assets/creative-cloud/stock-assets-feature-video-use.html,https://experienceleague.adobe.com/docs/experience-manager-learn/assets/creative-workflows/adobe-stock.html
https://experienceleague.adobe.com/docs/experience-manager-learn/assets/creative-cloud/adobe-stock-aem-assets-technical-video-setup.html,https://experienceleague.adobe.com/docs/experience-manager-learn/assets/creative-workflows/set-up-adobe-stock.html
https://experienceleague.adobe.com/docs/experience-manager-learn/assets/creative-cloud/aem-desktop-app-sync-status-technical-video-use.html,https://experienceleague.adobe.com/docs/experience-manager-learn/assets/creative-workfows/aem-desktop-app.html
https://experienceleague.adobe.com/docs/experience-manager-learn/assets/creative-workfows/user-aem-desktop-app.html,https://experienceleague.adobe.com/docs/experience-manager-learn/assets/creative-workfows/aem-desktop-app.html
https://experienceleague.adobe.com/docs/experience-manager-learn/assets/metadata/search-feature-video-use.html,https://experienceleague.adobe.com/docs/experience-manager-learn/assets/search-and-discovery/search-boost.html
https://experienceleague.adobe.com/docs/experience-manager-learn/assets/deployment/connected-assets-feature-video-use.html,https://experienceleague.adobe.com/docs/experience-manager-learn/assets/sharing/connected-assets.html
https://experienceleague.adobe.com/docs/experience-manager-learn/assets/sharing/brand-portal/brand-portal-feature-video.html,https://experienceleague.adobe.com/docs/experience-manager-learn/assets/sharing/brand-portal.html
https://experienceleague.adobe.com/docs/experience-manager-learn/assets/collaboration/closed-user-groups-feature-video-use.html,https://experienceleague.adobe.com/docs/experience-manager-learn/assets/advanced/closed-user-groups.html
https://experienceleague.adobe.com/docs/experience-manager-learn/sites/integrations/adobe-launch-integration-tutorial-understand.html,https://experienceleague.adobe.com/docs/experience-manager-learn/sites/integrations/experience-platform-launch/overview.html
https://experienceleague.adobe.com/docs/experience-manager-learn/forms/handling-af-form-submissions/create-workflow-to-review.html,https://experienceleague.adobe.com/docs/experience-manager-learn/forms/handling-af-form-submissions/creating-a-review-workflow.html
https://experienceleague.adobe.com/docs/experience-manager-learn/forms/handling-af-form-submissions/trigger-workflow-on-form-submission.html,https://experienceleague.adobe.com/docs/experience-manager-learn/forms/handling-af-form-submissions/configuring-adaptive-form-to-trigger-workflow.html
https://experienceleague.adobe.com/docs/experience-manager-learn/forms/ic-print-channel-tutorial/partone.html,https://experienceleague.adobe.com/docs/experience-manager-learn/forms/ic-print-channel-tutorial/set-up-tomcat.html
https://experienceleague.adobe.com/docs/experience-manager-learn/forms/ic-print-channel-tutorial/parttwo.html,https://experienceleague.adobe.com/docs/experience-manager-learn/forms/ic-print-channel-tutorial/create-data-source.html
https://experienceleague.adobe.com/docs/experience-manager-learn/forms/ic-print-channel-tutorial/partthree.html,https://experienceleague.adobe.com/docs/experience-manager-learn/forms/ic-print-channel-tutorial/create-form-data-model.html
https://experienceleague.adobe.com/docs/experience-manager-learn/forms/ic-print-channel-tutorial/partfour.html,https://experienceleague.adobe.com/docs/experience-manager-learn/forms/ic-print-channel-tutorial/create-xdp-layout-using-forms-designer.html
https://experienceleague.adobe.com/docs/experience-manager-learn/forms/ic-print-channel-tutorial/partfive.html,https://experienceleague.adobe.com/docs/experience-manager-learn/forms/ic-print-channel-tutorial/create-document-fragment.html
https://experienceleague.adobe.com/docs/experience-manager-learn/forms/ic-print-channel-tutorial/partsix.html,https://experienceleague.adobe.com/docs/experience-manager-learn/forms/ic-print-channel-tutorial/create-print-channel-document.html
https://experienceleague.adobe.com/docs/experience-manager-learn/forms/ic-print-channel-tutorial/partseven.html,https://experienceleague.adobe.com/docs/experience-manager-learn/forms/ic-print-channel-tutorial/add-content-to-target-areas.html
https://experienceleague.adobe.com/docs/experience-manager-learn/forms/ic-print-channel-tutorial/parteight.html,https://experienceleague.adobe.com/docs/experience-manager-learn/forms/ic-print-channel-tutorial/configuring-line-chart.html
https://experienceleague.adobe.com/docs/experience-manager-learn/forms/ic-print-channel-tutorial/partnine.html,https://experienceleague.adobe.com/docs/experience-manager-learn/forms/ic-print-channel-tutorial/adding-table-to-print-channel.html
https://experienceleague.adobe.com/docs/experience-manager-learn/forms/ic-print-channel-tutorial/partten.html,https://experienceleague.adobe.com/docs/experience-manager-learn/forms/ic-print-channel-tutorial/using-watched-folder-to-generate-document.html
https://experienceleague.adobe.com/docs/experience-manager-learn/forms/ic-print-channel-tutorial/parteleven.html,https://experienceleague.adobe.com/docs/experience-manager-learn/forms/opening-agent-ui-on-form-submission.html
https://experienceleague.adobe.com/docs/experience-manager-learn/forms/handling-af-form-submissions/invoking-aem-workflow-on-form-submission-article-use.html,https://experienceleague.adobe.com/docs/experience-manager-learn/forms/handling-af-form-submissions/paid-time-off-request-workflow.html
https://experienceleague.adobe.com/docs/experience-manager-learn/assets/metadata/smart-tags-feature-video-use.html,https://experienceleague.adobe.com/docs/experience-manager-learn/assets/metadata/image-smart-tags.html
https://experienceleague.adobe.com/docs/experience-manager-learn/assets/metadata/smart-tags-technical-video-setup.html,https://experienceleague.adobe.com/docs/experience-manager-learn/assets/metadata/image-smart-tags.html
https://experienceleague.adobe.com/docs/experience-manager-learn/assets/metadata/enhanced-smart-tags-feature-video-use.html,https://experienceleague.adobe.com/docs/experience-manager-learn/assets/metadata/custom-smart-tags.html
https://experienceleague.adobe.com/docs/experience-manager-learn/getting-started-with-aem-headless/chapter-1.html,https://experienceleague.adobe.com/docs/experience-manager-learn/getting-started-with-aem-headless/content-services/chapter-1.html
https://experienceleague.adobe.com/docs/experience-manager-learn/getting-started-with-aem-headless/chapter-2.html,https://experienceleague.adobe.com/docs/experience-manager-learn/getting-started-with-aem-headless/content-services/chapter-2.html
https://experienceleague.adobe.com/docs/experience-manager-learn/getting-started-with-aem-headless/chapter-3.html,https://experienceleague.adobe.com/docs/experience-manager-learn/getting-started-with-aem-headless/content-services/chapter-3.html
https://experienceleague.adobe.com/docs/experience-manager-learn/getting-started-with-aem-headless/chapter-4.html,https://experienceleague.adobe.com/docs/experience-manager-learn/getting-started-with-aem-headless/content-services/chapter-4.html
https://experienceleague.adobe.com/docs/experience-manager-learn/getting-started-with-aem-headless/chapter-5.html,https://experienceleague.adobe.com/docs/experience-manager-learn/getting-started-with-aem-headless/content-services/chapter-5.html
https://experienceleague.adobe.com/docs/experience-manager-learn/getting-started-with-aem-headless/chapter-6.html,https://experienceleague.adobe.com/docs/experience-manager-learn/getting-started-with-aem-headless/content-services/chapter-6.html
https://experienceleague.adobe.com/docs/experience-manager-learn/getting-started-with-aem-headless/chapter-7.html,https://experienceleague.adobe.com/docs/experience-manager-learn/getting-started-with-aem-headless/content-services/chapter-7.html
https://experienceleague.adobe.com/docs/experience-manager-learn/forms/creating-your-first-adaptive-form/adaptive-forms-getting-started-tutorial-use.html,https://experienceleague.adobe.com/docs/experience-manager-learn/forms/creating-your-first-adaptive-form/introduction-and-setup.html
https://experienceleague.adobe.com/docs/experience-manager-learn/sites/experience-fragments/experience-fragments-feature-video-understand.html,https://experienceleague.adobe.com/docs/experience-manager-learn/sites/experience-fragments/experience-fragments-feature-video-use.html
https://experienceleague.adobe.com/docs/experience-manager-learn/foundation/workflow/use-the-calendar-view-with-aem-projects-and-inbox.html,https://experienceleague.adobe.com/docs/experience-manager-learn/foundation/workflow/use-the-inbox.html
https://experienceleague.adobe.com/docs/experience-manager-learn/assets/metadata/metadata-import-feature-video-use.html,https://experienceleague.adobe.com/docs/experience-manager-learn/assets/metadata/metadata-import-export.html
https://experienceleague.adobe.com/docs/experience-manager-learn/getting-started-wknd-tutorial-develop/project-setup.html,https://experienceleague.adobe.com/docs/experience-manager-learn/getting-started-wknd-tutorial-develop/project-archetype/project-setup.html
https://experienceleague.adobe.com/docs/experience-manager-learn/getting-started-wknd-tutorial-develop/component-basics.html,https://experienceleague.adobe.com/docs/experience-manager-learn/getting-started-wknd-tutorial-develop/project-archetype/component-basics.html
https://experienceleague.adobe.com/docs/experience-manager-learn/getting-started-wknd-tutorial-develop/pages-templates.html,https://experienceleague.adobe.com/docs/experience-manager-learn/getting-started-wknd-tutorial-develop/project-archetype/pages-templates.html
https://experienceleague.adobe.com/docs/experience-manager-learn/getting-started-wknd-tutorial-develop/client-side-libraries.html,https://experienceleague.adobe.com/docs/experience-manager-learn/getting-started-wknd-tutorial-develop/project-archetype/client-side-libraries.html
https://experienceleague.adobe.com/docs/experience-manager-learn/getting-started-wknd-tutorial-develop/style-system.html,https://experienceleague.adobe.com/docs/experience-manager-learn/getting-started-wknd-tutorial-develop/project-archetype/style-system.html
https://experienceleague.adobe.com/docs/experience-manager-learn/getting-started-wknd-tutorial-develop/custom-component.html,https://experienceleague.adobe.com/docs/experience-manager-learn/getting-started-wknd-tutorial-develop/project-archetype/custom-component.html
https://experienceleague.adobe.com/docs/experience-manager-learn/getting-started-wknd-tutorial-develop/unit-testing.html,https://experienceleague.adobe.com/docs/experience-manager-learn/getting-started-wknd-tutorial-develop/project-archetype/unit-testing.html
https://experienceleague.adobe.com/docs/experience-manager-learn/getting-started-with-aem-headless/graphql/setup.html,https://experienceleague.adobe.com/docs/experience-manager-learn/getting-started-with-aem-headless/graphql/multi-step/setup.html
https://experienceleague.adobe.com/docs/experience-manager-learn/getting-started-with-aem-headless/graphql/content-fragment-models.html,https://experienceleague.adobe.com/docs/experience-manager-learn/getting-started-with-aem-headless/graphql/multi-step/content-fragment-models.html
https://experienceleague.adobe.com/docs/experience-manager-learn/getting-started-with-aem-headless/graphql/author-content-fragments.html,https://experienceleague.adobe.com/docs/experience-manager-learn/getting-started-with-aem-headless/graphql/multi-step/author-content-fragments.html
https://experienceleague.adobe.com/docs/experience-manager-learn/getting-started-with-aem-headless/graphql/explore-graphql-api.html,https://experienceleague.adobe.com/docs/experience-manager-learn/getting-started-with-aem-headless/graphql/multi-step/explore-graphql-api.html
https://experienceleague.adobe.com/docs/experience-manager-learn/getting-started-with-aem-headless/graphql/graphql-and-external-app.html,https://experienceleague.adobe.com/docs/experience-manager-learn/getting-started-with-aem-headless/graphql/multi-step/graphql-and-external-app.html
https://experienceleague.adobe.com/docs/experience-manager-learn/getting-started-with-aem-headless/graphql/fragment-references.html,https://experienceleague.adobe.com/docs/experience-manager-learn/getting-started-with-aem-headless/graphql/multi-step/fragment-references.html
https://experienceleague.adobe.com/docs/experience-manager-learn/getting-started-with-aem-headless/graphql/production-deployment.html,https://experienceleague.adobe.com/docs/experience-manager-learn/getting-started-with-aem-headless/graphql/multi-step/production-deployment.html
https://experienceleague.adobe.com/docs/experience-manager-learn/foundation/workflow/use-workflow-management.html,https://experienceleague.adobe.com/docs/experience-manager-cloud-service/sites/administering/workflows-administering.html
https://experienceleague.adobe.com/docs/experience-manager-learn/spa-react-tutorial/overview.html,https://experienceleague.adobe.com/docs/experience-manager-learn/getting-started-with-aem-headless/spa-editor/react/overview.html
https://experienceleague.adobe.com/docs/experience-manager-learn/spa-react-tutorial/create-project.html,https://experienceleague.adobe.com/docs/experience-manager-learn/getting-started-with-aem-headless/spa-editor/react/create-project.html
https://experienceleague.adobe.com/docs/experience-manager-learn/spa-react-tutorial/integrate-spa.html,https://experienceleague.adobe.com/docs/experience-manager-learn/getting-started-with-aem-headless/spa-editor/react/integrate-spa.html
https://experienceleague.adobe.com/docs/experience-manager-learn/spa-react-tutorial/map-components.html,https://experienceleague.adobe.com/docs/experience-manager-learn/getting-started-with-aem-headless/spa-editor/react/map-components.html
https://experienceleague.adobe.com/docs/experience-manager-learn/spa-react-tutorial/navigation-routing.html,https://experienceleague.adobe.com/docs/experience-manager-learn/getting-started-with-aem-headless/spa-editor/react/navigation-routing.html
https://experienceleague.adobe.com/docs/experience-manager-learn/spa-react-tutorial/custom-component.html,https://experienceleague.adobe.com/docs/experience-manager-learn/getting-started-with-aem-headless/spa-editor/react/custom-component.html
https://experienceleague.adobe.com/docs/experience-manager-learn/spa-react-tutorial/extend-component.html,https://experienceleague.adobe.com/docs/experience-manager-learn/getting-started-with-aem-headless/spa-editor/react/extend-component.html
https://experienceleague.adobe.com/docs/experience-manager-learn/sites/brand-portal/configuring-asset-sourcing-with-the-brand-portal.html,https://experienceleague.adobe.com/docs/experience-manager-learn/assets/sharing/brand-portal/configure-asset-sourcing.html
https://experienceleague.adobe.com/docs/experience-manager-learn/sites/brand-portal/how-to-enable-the-download-of-renditions.html,https://experienceleague.adobe.com/docs/experience-manager-learn/assets/sharing/brand-portal/enable-renditions-download.html
https://experienceleague.adobe.com/docs/experience-manager-learn/sites/brand-portal/steps-to-configure-aem-assets-brand-portal.html,https://experienceleague.adobe.com/docs/experience-manager-learn/sharing/assets/brand-portal/configure.html
https://experienceleague.adobe.com/docs/experience-manager-learn/sites/dynamic-media/adding-test-image-server-details-in-dynamic-media-for-secure-preview.html,https://experienceleague.adobe.com/docs/experience-manager-learn/assets/dynamic-media/tutorials/adding-test-image-server-details-in-dynamic-media-for-secure-preview.html
https://experienceleague.adobe.com/docs/experience-manager-learn/sites/dynamic-media/creating-different-kinds-of-sets-with-aem-dynamic-media-carousel-sets.html,https://experienceleague.adobe.com/docs/experience-manager-learn/assets/dynamic-media/tutorials/creating-different-kinds-of-sets-with-aem-dynamic-media-carousel-sets.html
https://experienceleague.adobe.com/docs/experience-manager-learn/sites/dynamic-media/creating-different-kinds-of-sets-with-aem-dynamic-media-image-sets.html,https://experienceleague.adobe.com/docs/experience-manager-learn/assets/dynamic-media/tutorials/creating-different-kinds-of-sets-with-aem-dynamic-media-image-sets.html
https://experienceleague.adobe.com/docs/experience-manager-learn/sites/dynamic-media/creating-image-presets.html,https://experienceleague.adobe.com/docs/experience-manager-learn/assets/dynamic-media/tutorials/creating-image-presets.html
https://experienceleague.adobe.com/docs/experience-manager-learn/sites/dynamic-media/creating-image-profile-smart-crop.html,https://experienceleague.adobe.com/docs/experience-manager-learn/assets/dynamic-media/tutorials/creating-image-profile-smart-crop.html
https://experienceleague.adobe.com/docs/experience-manager-learn/sites/dynamic-media/creating-video-profile-to-process-videos-in-dynamic-media.html,https://experienceleague.adobe.com/docs/experience-manager-learn/assets/dynamic-media/tutorials/creating-video-profile-to-process-videos-in-dynamic-media.html
https://experienceleague.adobe.com/docs/experience-manager-learn/sites/dynamic-media/deleting-dynamic-media-configuration.html,https://experienceleague.adobe.com/docs/experience-manager-learn/assets/dynamic-media/tutorials/deleting-dynamic-media-configuration.html
https://experienceleague.adobe.com/docs/experience-manager-learn/sites/dynamic-media/how-to-download-asset-in-dynamic-media-classic-app.html,https://experienceleague.adobe.com/docs/experience-manager-learn/assets/dynamic-media/tutorials/how-to-download-asset-in-dynamic-media-classic-app.html
https://experienceleague.adobe.com/docs/experience-manager-learn/sites/dynamic-media/how-to-generate-public-url-or-embed-code-for-an-asset.html,https://experienceleague.adobe.com/docs/experience-manager-learn/assets/dynamic-media/tutorials/how-to-generate-public-url-or-embed-code-for-an-asset.html
https://experienceleague.adobe.com/docs/experience-manager-learn/sites/dynamic-media/how-to-run-dam-update-asset-workflow-on-an-asset-with-dynamic-media-enabled.html,https://experienceleague.adobe.com/docs/experience-manager-learn/assets/dynamic-media/tutorials/how-to-run-dam-update-asset-workflow-on-an-asset-with-dynamic-media-enabled.html
https://experienceleague.adobe.com/docs/experience-manager-learn/sites/dynamic-media/how-to-trigger-export-job-in-dynamic-media-during-submit-job-operation-parameter.html,https://experienceleague.adobe.com/docs/experience-manager-learn/assets/dynamic-media/tutorials/how-to-trigger-export-job-in-dynamic-media-during-submit-job-operation-parameter.html
https://experienceleague.adobe.com/docs/experience-manager-learn/sites/dynamic-media/introduction-to-dynamic-media-classic-ips-api.html,https://experienceleague.adobe.com/docs/experience-manager-learn/assets/dynamic-media/tutorials/introduction-to-dynamic-media-classic-ips-api.html
https://experienceleague.adobe.com/docs/experience-manager-learn/sites/dynamic-media/invalidating-the-cdn-cache-by-way-of-dynamic-media.html,https://experienceleague.adobe.com/docs/experience-manager-learn/assets/dynamic-media/tutorials/invalidating-the-cdn-cache-by-way-of-dynamic-media.html
https://experienceleague.adobe.com/docs/experience-manager-learn/getting-started-with-aem-headless/graphql/multi-step/setup.html,https://experienceleague.adobe.com/docs/experience-manager-learn/getting-started-with-aem-headless/graphql/quick-setup/local-sdk.html
https://experienceleague.adobe.com/docs/experience-manager-learn/cloud-service/asset-compute/set-up/firefly.html,https://experienceleague.adobe.com/docs/experience-manager-learn/cloud-service/asset-compute/set-up/app-builder.html
https://experienceleague.adobe.com/docs/experience-manager-learn/cloud-service/debugging/debugging-aem-as-a-cloud-service/crxde-lite.html,https://experienceleague.adobe.com/docs/experience-manager-learn/cloud-service/debugging/debugging-aem-as-a-cloud-service/repository-browser.html
https://experienceleague.adobe.com/docs/experience-manager-learn/cloud-service/debugging/debugging-aem-as-a-cloud-service/developer-console.html,https://experienceleague.adobe.com/en/docs/experience-manager-cloud-service/content/implementing/developing/aem-developer-console
https://experienceleague.adobe.com/docs/experience-manager-learn/getting-started-with-aem-headless/graphql/example-apps/react-app.html,https://experienceleague.adobe.com/docs/experience-manager-learn/getting-started-with-aem-headless/how-to/example-apps/react-app.html
https://experienceleague.adobe.com/docs/experience-manager-learn/getting-started-with-aem-headless/graphql/example-apps/ios-swiftui-app.html,https://experienceleague.adobe.com/docs/experience-manager-learn/getting-started-with-aem-headless/how-to/example-apps/ios-swiftui-app.html
https://experienceleague.adobe.com/docs/experience-manager-learn/getting-started-with-aem-headless/graphql/how-to/aem-headless-sdk.html,https://experienceleague.adobe.com/docs/experience-manager-learn/getting-started-with-aem-headless/how-to/aem-headless-sdk.html
https://experienceleague.adobe.com/docs/experience-manager-learn/getting-started-with-aem-headless/graphql/how-to/localized-content.html,https://experienceleague.adobe.com/docs/experience-manager-learn/getting-started-with-aem-headless/how-to/localized-content.html
https://experienceleague.adobe.com/docs/experience-manager-learn/getting-started-with-aem-headless/graphql/how-to/images.html,https://experienceleague.adobe.com/docs/experience-manager-learn/getting-started-with-aem-headless/how-to/images.html
https://experienceleague.adobe.com/docs/experience-manager-learn/getting-started-with-aem-headless/graphql/how-to/rich-text.html,https://experienceleague.adobe.com/docs/experience-manager-learn/getting-started-with-aem-headless/how-to/rich-text.html
https://experienceleague.adobe.com/docs/experience-manager-learn/getting-started-with-aem-headless/graphql/example-apps/android-app.html,https://experienceleague.adobe.com/docs/experience-manager-learn/getting-started-with-aem-headless/how-to/example-apps/android-app.html
https://experienceleague.adobe.com/docs/experience-manager-learn/sites/spa-editor/spa-editor-helloworld-tutorial-use.html,https://experienceleague.adobe.com/docs/experience-manager-learn/sites/spa-editor/spa-editor-framework-feature-video-use.html
https://experienceleague.adobe.com/docs/experience-manager-learn/cloud-service/cloud-5/season-2/cloud5-MoCM-experience-audit.html,https://experienceleague.adobe.com/docs/experience-manager-learn/cloud-service/cloud-5/season-2/cloud5-mocm-experience-audit.html
https://experienceleague.adobe.com/docs/experience-manager-learn/cloud-service/cloud-5/season-2/cloud5-MoCM-unit-tests.html,https://experienceleague.adobe.com/docs/experience-manager-learn/cloud-service/cloud-5/season-2/cloud5-mocm-unit-tests.html
https://experienceleague.adobe.com/docs/experience-manager-learn/cloud-service/cloud-5/season-2/cloud5-MoCM-functional-tests.html,https://experienceleague.adobe.com/docs/experience-manager-learn/cloud-service/cloud-5/season-2/cloud5-mocm-functional-tests.html
https://experienceleague.adobe.com/docs/experience-manager-learn/sites/integrations/experience-platform-launch/overview.html,https://experienceleague.adobe.com/docs/experience-manager-learn/sites/integrations/experience-platform-data-collection-tags/overview.html
https://experienceleague.adobe.com/docs/experience-manager-learn/sites/integrations/experience-platform-launch/create-launch-property.html,https://experienceleague.adobe.com/docs/experience-manager-learn/sites/integrations/experience-platform-data-collection-tags/create-tag-property.html
https://experienceleague.adobe.com/docs/experience-manager-learn/sites/integrations/experience-platform-launch/connect-aem-launch-adobe-io.html,https://experienceleague.adobe.com/docs/experience-manager-learn/sites/integrations/experience-platform-data-collection-tags/connect-aem-tag-property-using-ims.html
https://experienceleague.adobe.com/docs/experience-manager-learn/sites/integrations/experience-platform-launch/create-launch-cloud-service.html,https://experienceleague.adobe.com/docs/experience-manager-learn/sites/integrations/experience-platform-data-collection-tags/create-aem-launch-cloud-service.html
https://experienceleague.adobe.com/docs/experience-manager-learn/sites/integrations/experience-platform-launch/debug-launch-implementation.html,https://experienceleague.adobe.com/docs/experience-manager-learn/sites/integrations/experience-platform-data-collection-tags/debug-tags-implementation.html
https://experienceleague.adobe.com/docs/experience-manager-learn/cloud-service/aem-experts-series.html,https://experienceleague.adobe.com/docs/experience-manager-learn/cloud-service/expert-resources/aem-experts-series.html
https://experienceleague.adobe.com/docs/experience-manager-learn/cloud-service/cloud-5/cloud5-introduction.html,https://experienceleague.adobe.com/docs/experience-manager-learn/cloud-service/expert-resources/cloud-5/cloud5-introduction.html
https://experienceleague.adobe.com/docs/experience-manager-learn/cloud-service/cloud-5/cloud5-season-1.html,https://experienceleague.adobe.com/docs/experience-manager-learn/cloud-service/expert-resources/cloud-5/cloud5-season-1.html
https://experienceleague.adobe.com/docs/experience-manager-learn/cloud-service/cloud-5/cloud5-season-2.html,https://experienceleague.adobe.com/docs/experience-manager-learn/cloud-service/expert-resources/cloud-5/cloud5-season-2.html
https://experienceleague.adobe.com/docs/experience-manager-learn/sites/content-fragments/content-fragments-console.html,https://experienceleague.adobe.com/docs/experience-manager-learn/content-fragments-console/basics/content-fragments-console.html
https://experienceleague.adobe.com/docs/experience-manager-learn/assets/dynamic-media/smart-crop-feature-video-use.html,https://experienceleague.adobe.com/docs/experience-manager-learn/assets/dynamic-media/images/smart-crop-feature-video-use.html
https://experienceleague.adobe.com/docs/experience-manager-learn/assets/dynamic-media/dynamic-media-image-sharpening-feature-video-use.html,https://experienceleague.adobe.com/docs/experience-manager-learn/assets/dynamic-media/images/dynamic-media-image-sharpening-feature-video-use.html
https://experienceleague.adobe.com/docs/experience-manager-learn/assets/dynamic-mediadynamic-media-color-management-technical-video-setup.html,https://experienceleague.adobe.com/docs/experience-manager-learn/assets/dynamic-media/images/dynamic-media-color-management-technical-video-setup.html
https://experienceleague.adobe.com/docs/experience-manager-learn/assets/dynamic-media/dynamic-media-experience-fragments-feature-video-use.html,https://experienceleague.adobe.com/docs/experience-manager-learn/assets/dynamic-media/dm-with-aem-sites/dynamic-media-experience-fragments-feature-video-use.html
https://experienceleague.adobe.com/docs/experience-manager-learn/assets/dynamic-media/dynamic-media-core-components.html,https://experienceleague.adobe.com/docs/experience-manager-learn/assets/dynamic-media/dm-with-aem-sites/dynamic-media-core-components.html
https://experienceleague.adobe.com/docs/experience-manager-learn/assets/dynamic-media/dynamic-media-interactive-video-feature-video-use.html,https://experienceleague.adobe.com/docs/experience-manager-learn/assets/dynamic-media/video/dynamic-media-interactive-video-feature-video-use.html
https://experienceleague.adobe.com/docs/experience-manager-learn/assets/dynamic-media/dynamic-media-video-player-feature-video-use.html,https://experienceleague.adobe.com/docs/experience-manager-learn/assets/dynamic-media/video/dynamic-media-video-player-feature-video-use.html
https://experienceleague.adobe.com/docs/experience-manager-learn/assets/dynamic-media/dynamic-media-360-video-custom-thumbnail-feature-video-use.html,https://experienceleague.adobe.com/docs/experience-manager-learn/assets/dynamic-media/video/dynamic-media-360-video-custom-thumbnail-feature-video-use.html
https://experienceleague.adobe.com/docs/experience-manager-learn/assets/dynamic-media/dynamic-media-video-thumbnails-feature-video-use.html,https://experienceleague.adobe.com/docs/experience-manager-learn/assets/dynamic-media/video/dynamic-media-video-thumbnails-feature-video-use.html
https://experienceleague.adobe.com/docs/experience-manager-learn/assets/dynamic-media/dynamic-media-smart-crop-video.html,https://experienceleague.adobe.com/docs/experience-manager-learn/assets/dynamic-media/video/dynamic-media-smart-crop-video.html
https://experienceleague.adobe.com/docs/experience-manager-learn/assets/dynamic-media/dynamic-media-viewer-feature-video-understand.html,https://experienceleague.adobe.com/docs/experience-manager-learn/assets/dynamic-media/viewers/dynamic-media-viewer-feature-video-understand.html
https://experienceleague.adobe.com/docs/experience-manager-learn/assets/dynamic-media/panorama-vertical-image-viewer-feature-video-use.html,https://experienceleague.adobe.com/docs/experience-manager-learn/assets/dynamic-media/viewers/panorama-vertical-image-viewer-feature-video-use.html
https://experienceleague.adobe.com/docs/experience-manager-learn/assets/dynamic-media/dynamic-media-viewer-extension-use.html,https://experienceleague.adobe.com/docs/experience-manager-learn/assets/dynamic-media/viewers/dynamic-media-viewer-extension-use.html
https://experienceleague.adobe.com/docs/experience-manager-learn/assets/dynamic-media/dynamic-media-snapshot.html,https://experienceleague.adobe.com/docs/experience-manager-learn/assets/dynamic-media/images/dynamic-media-snapshot.html
https://experienceleague.adobe.com/docs/experience-manager-learn/assets/dynamic-media/dynamic-media-3d-feature-video.html,https://experienceleague.adobe.com/docs/experience-manager-learn/assets/dynamic-media/3d/dynamic-media-3d-feature-video.html
https://experienceleague.adobe.com/docs/experience-manager-learn/cloud-service/developing/extensibility/content-fragments/overview.html,https://experienceleague.adobe.com/docs/experience-manager-learn/cloud-service/developing/extensibility/ui/overview.html
https://experienceleague.adobe.com/docs/experience-manager-learn/cloud-service/developing/extensibility/content-fragments/adobe-developer-console-project.html,https://experienceleague.adobe.com/docs/experience-manager-learn/cloud-service/developing/extensibility/ui/adobe-developer-console-project.html
https://experienceleague.adobe.com/docs/experience-manager-learn/cloud-service/developing/extensibility/content-fragments/app-initialization.html,https://experienceleague.adobe.com/docs/experience-manager-learn/cloud-service/developing/extensibility/ui/app-initialization.html
https://experienceleague.adobe.com/docs/experience-manager-learn/cloud-service/developing/extensibility/content-fragments/extension-registration.html,https://experienceleague.adobe.com/docs/experience-manager-learn/cloud-service/developing/extensibility/ui/extension-registration.html
https://experienceleague.adobe.com/docs/experience-manager-learn/cloud-service/developing/extensibility/content-fragments/header-menu.html,https://experienceleague.adobe.com/docs/experience-manager-learn/cloud-service/developing/extensibility/ui/overview.html
https://experienceleague.adobe.com/docs/experience-manager-learn/cloud-service/developing/extensibility/content-fragments/action-bar.html,https://experienceleague.adobe.com/docs/experience-manager-learn/cloud-service/developing/extensibility/ui/overview.html
https://experienceleague.adobe.com/docs/experience-manager-learn/cloud-service/developing/extensibility/content-fragments/modal.html,https://experienceleague.adobe.com/docs/experience-manager-learn/cloud-service/developing/extensibility/ui/modal.html
https://experienceleague.adobe.com/docs/experience-manager-learn/cloud-service/developing/extensibility/content-fragments/runtime-action.html,https://experienceleague.adobe.com/docs/experience-manager-learn/cloud-service/developing/extensibility/ui/runtime-action.html
https://experienceleague.adobe.com/docs/experience-manager-learn/cloud-service/developing/extensibility/content-fragments/test.html,https://experienceleague.adobe.com/docs/experience-manager-learn/cloud-service/developing/extensibility/ui/verify.html
https://experienceleague.adobe.com/docs/experience-manager-learn/cloud-service/developing/extensibility/content-fragments/deploy.html,https://experienceleague.adobe.com/docs/experience-manager-learn/cloud-service/developing/extensibility/ui/deploy.html
https://experienceleague.adobe.com/docs/experience-manager-learn/cloud-service/developing/extensibility/content-fragments/example-extensions/bulk-property-update.html,https://experienceleague.adobe.com/docs/experience-manager-learn/cloud-service/developing/extensibility/ui/content-fragments/examples/console-bulk-property-update.html
https://experienceleague.adobe.com/docs/experience-manager-learn/cloud-service/developing/extensibility/content-fragments/example-extensions/image-generation-and-image-upload.html,https://experienceleague.adobe.com/docs/experience-manager-learn/cloud-service/developing/extensibility/ui/content-fragments/examples/console-image-generation-and-image-upload.html
https://experienceleague.adobe.com/docs/experience-manager-learn/spa-angular-tutorial/overview.html,https://experienceleague.adobe.com/docs/experience-manager-learn/getting-started-with-aem-headless/spa-editor/angular/overview.html
https://experienceleague.adobe.com/docs/experience-manager-learn/assets/sharing/brand-portal.html,https://experienceleague.adobe.com/docs/experience-manager-learn/assets/sharing/brand-portal/brand-portal.html
https://experienceleague.adobe.com/docs/experience-manager-learn/assets/advanced/asset-reports.html,https://experienceleague.adobe.com/docs/experience-manager-learn/assets/governance/insights.html
https://experienceleague.adobe.com/docs/experience-manager-learn/assets-essentials/basics/reports.html,https://experienceleague.adobe.com/docs/experience-manager-learn/assets/governance/insights.html
https://experienceleague.adobe.com/docs/experience-manager-learn/assets-essentials/configuring/permissions-management.html,https://experienceleague.adobe.com/docs/experience-manager-learn/assets/governance/permissions-management.html
https://experienceleague.adobe.com/docs/experience-manager-learn/assets/configuring/baseline-permissions.html,https://experienceleague.adobe.com/docs/experience-manager-learn/assets/governance/permissions-management.html
https://experienceleague.adobe.com/docs/experience-manager-learn/assets/advanced/closed-user-groups.html,https://experienceleague.adobe.com/docs/experience-manager-learn/assets/governance/closed-user-groups.html
https://experienceleague.adobe.com/docs/experience-manager-learn/assets/advanced/metadata-driven-permissions.html,https://experienceleague.adobe.com/docs/experience-manager-learn/assets/governance/metadata-driven-permissions.html
https://experienceleague.adobe.com/docs/experience-manager-learn/assets-essentials/basics/collaborating.html,https://experienceleague.adobe.com/docs/experience-manager-learn/assets/collaboration/comments-annotations-and-tasks.html
https://experienceleague.adobe.com/docs/experience-manager-learn/assets/collaboration/comments-and-annotations.html,https://experienceleague.adobe.com/docs/experience-manager-learn/assets/collaboration/comments-annotations-and-tasks.html
https://experienceleague.adobe.com/docs/experience-manager-learn/assets/collaboration/review-task.html,https://experienceleague.adobe.com/docs/experience-manager-learn/assets/collaboration/comments-annotations-and-tasks.html
https://experienceleague.adobe.com/docs/experience-manager-learn/assets/advanced/customizing-annotations-pdf-output.html,https://experienceleague.adobe.com/docs/experience-manager-learn/assets/collaboration/customizing-annotations-pdf-output.html
https://experienceleague.adobe.com/docs/experience-manager-learn/assets-essentials/configuring/metadata-forms.html,https://experienceleague.adobe.com/docs/experience-manager-learn/assets/metadata/metadata-schemas-and-forms.html
https://experienceleague.adobe.com/docs/experience-manager-learn/assets/configuring/metadata-schemas.html,https://experienceleague.adobe.com/docs/experience-manager-learn/assets/metadata/metadata-schemas-and-forms.html
https://experienceleague.adobe.com/docs/experience-manager-learn/assets/configuring/metadata-profiles.html,https://experienceleague.adobe.com/docs/experience-manager-learn/assets/metadata/metadata-schemas-and-forms.html
https://experienceleague.adobe.com/docs/experience-manager-learn/assets/configuring/metadata-folder-schemas.html,https://experienceleague.adobe.com/docs/experience-manager-learn/assets/metadata/metadata-schemas-and-forms.html
https://experienceleague.adobe.com/docs/experience-manager-learn/assets-essentials/configuring/taxonomy-management.html,https://experienceleague.adobe.com/docs/experience-manager-learn/assets/metadata/tagging-and-taxonomy.html
https://experienceleague.adobe.com/docs/experience-manager-learn/assets/configuring/tagging.html,https://experienceleague.adobe.com/docs/experience-manager-learn/assets/metadata/tagging-and-taxonomy.html
https://experienceleague.adobe.com/docs/experience-manager-learn/assets/advanced/blocked-tags.html,https://experienceleague.adobe.com/docs/experience-manager-learn/assets/metadata/tagging-and-taxonomy.html
https://experienceleague.adobe.com/docs/experience-manager-learn/assets/advanced/content-credentials.html,https://experienceleague.adobe.com/docs/experience-manager-learn/assets/metadata/content-credentials.html
https://experienceleague.adobe.com/docs/experience-manager-learn/assets/metadata/cascade-metadata-feature-video-use.html,https://experienceleague.adobe.com/docs/experience-manager-learn/assets/metadata/cascade-metadata.html
https://experienceleague.adobe.com/docs/experience-manager-learn/assets/advanced/extract-archive.html,https://experienceleague.adobe.com/docs/experience-manager-learn/assets/authoring/extract-archive.html
https://experienceleague.adobe.com/docs/experience-manager-learn/assets/configuring/processing-profiles.html,https://experienceleague.adobe.com/docs/experience-manager-learn/assets/authoring/processing-profiles.html
https://experienceleague.adobe.com/docs/experience-manager-learn/assets-essentials/basics/using.html,https://experienceleague.adobe.com/docs/experience-manager-learn/assets/search-and-discovery/search.html
https://experienceleague.adobe.com/docs/experience-manager-learn/assets-essentials/basics/managing.html,https://experienceleague.adobe.com/docs/experience-manager-learn/assets/authoring/basic-operations.html
https://experienceleague.adobe.com/docs/experience-manager-learn/assets-essentials/basics/creating.html,https://experienceleague.adobe.com/docs/experience-manager-learn/assets/authoring/basic-operations.html
https://experienceleague.adobe.com/docs/experience-manager-learn/assets/configuring/assets-admin-search-rail.html,https://experienceleague.adobe.com/docs/experience-manager-learn/assets/search-and-discovery/assets-admin-search-rail.html
https://experienceleague.adobe.com/docs/experience-manager-learn/assets-essentials/basics/quick-access.html,https://experienceleague.adobe.com/docs/experience-manager-learn/assets/search-and-discovery/my-workspace.html
https://experienceleague.adobe.com/docs/experience-manager-learn/assets-essentials/configuring/my-workspace.html,https://experienceleague.adobe.com/docs/experience-manager-learn/assets/search-and-discovery/my-workspace.html
https://experienceleague.adobe.com/docs/experience-manager-learn/assets-essentials/basics/link-sharing.html,https://experienceleague.adobe.com/docs/experience-manager-learn/assets/sharing/link-sharing.html
https://experienceleague.adobe.com/docs/experience-manager-learn/assets/advanced/3d-assets.html,https://experienceleague.adobe.com/docs/experience-manager-learn/assets/dynamic-media/dynamic-media-3d-assets.html
https://experienceleague.adobe.com/docs/experience-manager-learn/assets/advanced/video-closed-captions.html,https://experienceleague.adobe.com/docs/experience-manager-learn/assets/dynamic-media/dynamic-media-video-closed-captions.html
https://experienceleague.adobe.com/docs/experience-manager-learn/assets/advanced/watermarks.html,https://experienceleague.adobe.com/docs/experience-manager-learn/assets/dynamic-media/dynamic-media-watermarks.html
https://experienceleague.adobe.com/docs/experience-manager-learn/assets/advanced/programmatic-asset-upload.html,https://experienceleague.adobe.com/docs/experience-manager-learn/assets/developer/programmatic-asset-upload.html
https://experienceleague.adobe.com/docs/experience-manager-learn/assets/deployment/multitenancy-concurrent-article-understand.html,https://experienceleague.adobe.com/docs/experience-manager-learn/assets/developer/multitenancy-concurrent-development.html
https://experienceleague.adobe.com/docs/experience-manager-learn/assets-essentials/integrations/workfront/overview.html,https://experienceleague.adobe.com/docs/experience-manager-learn/assets/workfront/assets-view-connector/overview.html
https://experienceleague.adobe.com/docs/experience-manager-learn/assets-essentials/integrations/workfront/configure.html,https://experienceleague.adobe.com/docs/experience-manager-learn/assets/workfront/assets-view-connector/configure.html
https://experienceleague.adobe.com/docs/experience-manager-learn/assets-essentials/integrations/workfront/map-metadata.html,https://experienceleague.adobe.com/docs/experience-manager-learn/assets/workfront/assets-view-connector/map-metadata.html
https://experienceleague.adobe.com/docs/experience-manager-learn/assets-essentials/integrations/workfront/link-send.html,https://experienceleague.adobe.com/docs/experience-manager-learn/assets/workfront/assets-view-connector/link-send.html
https://experienceleague.adobe.com/docs/experience-manager-learn/assets-essentials/integrations/workfront/versions.html,https://experienceleague.adobe.com/docs/experience-manager-learn/assets/workfront/assets-view-connector/versions.html
https://experienceleague.adobe.com/docs/experience-manager-learn/assets-essentials/integrations/creative-cloud.html,https://experienceleague.adobe.com/docs/experience-manager-learn/assets/creative-workflows/creative-cloud-libraries.html
https://experienceleague.adobe.com/docs/experience-manager-learn/assets-essentials/provisioning.html,https://experienceleague.adobe.com/docs/experience-manager-learn/assets/developer/provisioning.html
https://experienceleague.adobe.com/docs/experience-manager-learn/assets-essentials/overview.html,https://experienceleague.adobe.com/docs/experience-manager-learn/assets/overview.html
https://experienceleague.adobe.com/docs/experience-manager-learn/assets-essentials/getting-started.html,https://experienceleague.adobe.com/docs/experience-manager-learn/assets/overview.html
https://experienceleague.adobe.com/docs/experience-manager-learn/assets/playlists/assets-view.html,https://experienceleague.adobe.com/docs/experience-manager-learn/assets/overview.html
https://experienceleague.adobe.com/docs/experience-manager-learn/assets/playlists/admin-view.html,https://experienceleague.adobe.com/docs/experience-manager-learn/assets/overview.html
