<?xml version="1.0" encoding="UTF-8"?>
<jcr:root xmlns:sling="http://sling.apache.org/jcr/sling/1.0" xmlns:cq="http://www.day.com/jcr/cq/1.0" xmlns:jcr="http://www.jcp.org/jcr/1.0" xmlns:nt="http://www.jcp.org/jcr/nt/1.0"
    jcr:isCheckedOut="{Boolean}false"
    jcr:primaryType="cq:WorkflowModel"
    jcr:uuid="2b2cd30f-6863-4a9f-af39-ed4e675f9d43"
    sling:resourceType="cq/workflow/components/model"
    description="No Description"
    title="extractItemsFormArray">
    <variables jcr:primaryType="nt:unstructured">
        <pdftosend
            jcr:primaryType="nt:unstructured"
            name="pdftosend"
            type="com.adobe.aemfd.docmanager.Document"/>
        <fileName
            jcr:primaryType="nt:unstructured"
            name="fileName"
            type="java.lang.String"/>
        <xmlVariable
            jcr:primaryType="nt:unstructured"
            name="xmlVariable"
            type="org.w3c.dom.Document"/>
        <listOfDocuments
            jcr:primaryType="nt:unstructured"
            name="listOfDocuments"
            subType="com.adobe.aemfd.docmanager.Document"
            type="java.util.ArrayList"/>
        <no_of_attachments
            jcr:primaryType="nt:unstructured"
            name="no_of_attachments"
            type="java.lang.Double"/>
        <attachmentNames
            jcr:primaryType="nt:unstructured"
            name="attachmentNames"
            subType="java.lang.String"
            type="java.util.ArrayList"/>
    </variables>
    <metaData
        cq:generatingPage="/conf/global/settings/workflow/models/extractItemsFormArray/jcr:content"
        cq:lastModified="{Long}1694571891986"
        cq:lastModifiedBy="admin"
        jcr:primaryType="nt:unstructured"/>
    <nodes jcr:primaryType="nt:unstructured">
        <node0
            jcr:primaryType="cq:WorkflowNode"
            title="Start"
            type="START">
            <metaData jcr:primaryType="nt:unstructured"/>
        </node0>
        <node1
            jcr:primaryType="cq:WorkflowNode"
            title="Log Process Variables"
            type="PROCESS">
            <metaData
                jcr:primaryType="nt:unstructured"
                PROCESS="com.variablelogger.core.LogWorkflowVariables"
                PROCESS_AUTO_ADVANCE="true"/>
        </node1>
        <node2
            jcr:primaryType="cq:WorkflowNode"
            description="An AEM workflow process component to extract items from variables of type ArrayList"
            title="Component to Extract Items from Array List variables"
            type="PROCESS">
            <metaData
                jcr:primaryType="nt:unstructured"
                ARRAY_ITEM_TO_EXTRACT="0"
                PROCESS="com.ExtractItemsFromArray.ExtactItemsFromArray"
                PROCESS_AUTO_ADVANCE="true"
                SELECTED_ARRAY_LIST="VARIABLE:listOfDocuments"
                SELECTED_VARIABLE="VARIABLE:pdftosend"/>
        </node2>
        <node3
            jcr:primaryType="cq:WorkflowNode"
            description="Invoke a Form Data Model Service to fetch or post data to a data source."
            title="Invoke Form Data Model Service"
            type="PROCESS">
            <metaData
                jcr:primaryType="nt:unstructured"
                binarypathcombined="[VARIABLE:pdftosend,,]"
                FDM_PATH="/content/dam/formsanddocuments-fdm/postdortodam"
                inputkey="[file,fileName,format]"
                inputoption="[literal,literal,literal]"
                inputvalue="[,ItWorks.pdf,XML]"
                inputvariablevalue="[,fileName,]"
                isarray="[false,false,false]"
                isbinary="[true,false,false]"
                isjsoninput="MANUAL"
                isjsonoutput="MANUAL"
                isrequired="[true,true,true]"
                mapinputfieldshidden="false"
                OPERATION="POST /content/dam.createasset.json_15165755926070"
                outputkey="FNAEM"
                outputoption="wfmetadata"
                outputvalue="name"
                PROCESS="com.adobe.fd.workflow.fdm.step.FDMOperationStep"
                PROCESS_AUTO_ADVANCE="true"
                SUBTYPE="forms:fdmoperation"
                terminateWorkflow="true"
                ValidationLevel="Basic"
                WORK_ITEM_TYPE="FDM_OPERATION_STEP"/>
        </node3>
        <node4
            jcr:primaryType="cq:WorkflowNode"
            title="End"
            type="END">
            <metaData jcr:primaryType="nt:unstructured"/>
        </node4>
    </nodes>
    <transitions jcr:primaryType="nt:unstructured">
        <node0_x0023_node1
            jcr:primaryType="cq:WorkflowTransition"
            from="node0"
            rule=""
            to="node1">
            <metaData jcr:primaryType="nt:unstructured"/>
        </node0_x0023_node1>
        <node1_x0023_node2
            jcr:primaryType="cq:WorkflowTransition"
            from="node1"
            rule=""
            to="node2">
            <metaData jcr:primaryType="nt:unstructured"/>
        </node1_x0023_node2>
        <node2_x0023_node3
            jcr:primaryType="cq:WorkflowTransition"
            from="node2"
            rule=""
            to="node3">
            <metaData jcr:primaryType="nt:unstructured"/>
        </node2_x0023_node3>
        <node3_x0023_node4
            jcr:primaryType="cq:WorkflowTransition"
            from="node3"
            to="node4">
            <metaData jcr:primaryType="nt:unstructured"/>
        </node3_x0023_node4>
    </transitions>
</jcr:root>
