<?xml version="1.0" encoding="UTF-8"?>
<jcr:root xmlns:cq="http://www.day.com/jcr/cq/1.0" xmlns:jcr="http://www.jcp.org/jcr/1.0" xmlns:nt="http://www.jcp.org/jcr/nt/1.0"
    jcr:primaryType="cq:Page">
    <jcr:content jcr:primaryType="nt:unstructured">
        <body jcr:primaryType="nt:unstructured">
            <items jcr:primaryType="nt:unstructured">
                <form jcr:primaryType="nt:unstructured">
                    <items jcr:primaryType="nt:unstructured">
                        <wizard jcr:primaryType="nt:unstructured">
                            <items jcr:primaryType="nt:unstructured">
                                <moderateStep jcr:primaryType="nt:unstructured">
                                    <items jcr:primaryType="nt:unstructured">
                                        <fixedColumns jcr:primaryType="nt:unstructured">
                                            <items jcr:primaryType="nt:unstructured">
                                                <fixedColumn1 jcr:primaryType="nt:unstructured">
                                                    <items jcr:primaryType="nt:unstructured">
                                                        <autotags
                                                            jcr:primaryType="nt:unstructured"
                                                            showConfidenceScore="{Boolean}true"/>
                                                    </items>
                                                </fixedColumn1>
                                            </items>
                                        </fixedColumns>
                                    </items>
                                </moderateStep>
                            </items>
                        </wizard>
                    </items>
                </form>
            </items>
        </body>
    </jcr:content>
</jcr:root>
