<?xml version="1.0" encoding="UTF-8"?>
<jcr:root xmlns:sling="http://sling.apache.org/jcr/sling/1.0" xmlns:fdm="http://www.adobe.com/aemfd/fdm/1.0" xmlns:jcr="http://www.jcp.org/jcr/1.0" xmlns:nt="http://www.jcp.org/jcr/nt/1.0"
    jcr:primaryType="sling:Folder">
    <jcr:content
        jcr:primaryType="nt:unstructured"
        name="fmr"
        rendition.handler.id="fdm.structure"
        title="FMR">
        <definitions jcr:primaryType="nt:unstructured">
            <balances_1527705381197
                fdm:binaryEntity="{Boolean}false"
                fdm:bindRef="balances"
                fdm:defaultBinaryEntity="{Boolean}false"
                fdm:genericOperationAllowed="{Boolean}false"
                fdm:rootEntity="{Boolean}true"
                fdm:schemaName="DEFAULT_SCHEMA"
                fdm:source="source1"
                jcr:primaryType="nt:unstructured"
                id="balances_1527705381197"
                name="balances">
                <links jcr:primaryType="nt:unstructured">
                    <get_getcurrentratesid1527725470991
                        fdm:source="source1"
                        jcr:primaryType="nt:unstructured"
                        description="Gets the current interest rates"
                        genericOperation="{Boolean}false"
                        href="localhost:8080/SampleRest/webapi"
                        id="GET /getCurrentRates/{id}_1527725470991"
                        method="GET"
                        name="GET /getCurrentRates/{id}"
                        rel="self">
                        <fdm:data
                            jcr:primaryType="nt:unstructured"
                            id="${request.attribute.configType}"/>
                        <schema
                            fdm:bindRef="schema"
                            fdm:computed="{Boolean}false"
                            fdm:primaryKey="{Boolean}false"
                            fdm:protected="{Boolean}false"
                            fdm:required="{Boolean}false"
                            jcr:primaryType="nt:unstructured"
                            description="operation input description"
                            name="schema"
                            type="object">
                            <properties jcr:primaryType="nt:unstructured">
                                <id
                                    fdm:bindRef="id"
                                    fdm:computed="{Boolean}false"
                                    fdm:in="path"
                                    fdm:primaryKey="{Boolean}false"
                                    fdm:protected="{Boolean}false"
                                    fdm:required="{Boolean}true"
                                    jcr:primaryType="nt:unstructured"
                                    default=""
                                    description="Configuration type of the document to render"
                                    name="id"
                                    title=""
                                    type="string"/>
                            </properties>
                        </schema>
                        <targetSchema
                            fdm:bindRef="balances"
                            fdm:computed="{Boolean}false"
                            fdm:primaryKey="{Boolean}false"
                            fdm:protected="{Boolean}false"
                            fdm:required="{Boolean}false"
                            jcr:primaryType="nt:unstructured"
                            _x0024_ref="balances_1527705381197"
                            name="balances"
                            title="balances"
                            type="object"/>
                    </get_getcurrentratesid1527725470991>
                </links>
                <properties jcr:primaryType="nt:unstructured">
                    <currentRates
                        fdm:bindRef="currentRates"
                        fdm:computed="{Boolean}false"
                        fdm:primaryKey="{Boolean}false"
                        fdm:protected="{Boolean}false"
                        fdm:required="{Boolean}false"
                        jcr:primaryType="nt:unstructured"
                        name="currentRates"
                        type="array">
                        <items
                            fdm:binaryEntity="{Boolean}false"
                            fdm:bindRef="items"
                            fdm:defaultBinaryEntity="{Boolean}false"
                            fdm:genericOperationAllowed="{Boolean}false"
                            fdm:rootEntity="{Boolean}true"
                            jcr:primaryType="nt:unstructured"
                            _x0024_ref="CurrentRates_1527705381196"
                            name="items"
                            type="object">
                            <links jcr:primaryType="nt:unstructured"/>
                        </items>
                    </currentRates>
                    <user
                        fdm:bindRef="user"
                        fdm:computed="{Boolean}false"
                        fdm:primaryKey="{Boolean}false"
                        fdm:protected="{Boolean}false"
                        fdm:required="{Boolean}false"
                        jcr:primaryType="nt:unstructured"
                        _x0024_ref="user_1527705381197"
                        name="user"
                        type="object"/>
                </properties>
            </balances_1527705381197>
            <CurrentRates_1527705381196
                fdm:binaryEntity="{Boolean}false"
                fdm:bindRef="CurrentRates"
                fdm:defaultBinaryEntity="{Boolean}false"
                fdm:genericOperationAllowed="{Boolean}false"
                fdm:rootEntity="{Boolean}false"
                fdm:schemaName="DEFAULT_SCHEMA"
                fdm:source="source1"
                jcr:primaryType="nt:unstructured"
                id="CurrentRates_1527705381196"
                name="CurrentRates">
                <links jcr:primaryType="nt:unstructured"/>
                <properties jcr:primaryType="nt:unstructured">
                    <tier
                        fdm:bindRef="tier"
                        fdm:computed="{Boolean}false"
                        fdm:primaryKey="{Boolean}false"
                        fdm:protected="{Boolean}false"
                        fdm:required="{Boolean}false"
                        jcr:primaryType="nt:unstructured"
                        name="tier"
                        type="string"/>
                    <debitBalance
                        fdm:bindRef="debitBalance"
                        fdm:computed="{Boolean}false"
                        fdm:primaryKey="{Boolean}false"
                        fdm:protected="{Boolean}false"
                        fdm:required="{Boolean}false"
                        jcr:primaryType="nt:unstructured"
                        name="debitBalance"
                        type="string"/>
                    <interestRate
                        fdm:bindRef="interestRate"
                        fdm:computed="{Boolean}false"
                        fdm:primaryKey="{Boolean}false"
                        fdm:protected="{Boolean}false"
                        fdm:required="{Boolean}false"
                        jcr:primaryType="nt:unstructured"
                        name="interestRate"
                        type="string"/>
                </properties>
            </CurrentRates_1527705381196>
            <user_1527705381197
                fdm:binaryEntity="{Boolean}false"
                fdm:bindRef="user"
                fdm:defaultBinaryEntity="{Boolean}false"
                fdm:genericOperationAllowed="{Boolean}false"
                fdm:rootEntity="{Boolean}false"
                fdm:schemaName="DEFAULT_SCHEMA"
                fdm:source="source1"
                jcr:primaryType="nt:unstructured"
                id="user_1527705381197"
                name="user">
                <links jcr:primaryType="nt:unstructured"/>
                <properties jcr:primaryType="nt:unstructured">
                    <name
                        fdm:bindRef="name"
                        fdm:computed="{Boolean}false"
                        fdm:primaryKey="{Boolean}false"
                        fdm:protected="{Boolean}false"
                        fdm:required="{Boolean}false"
                        jcr:primaryType="nt:unstructured"
                        name="name"
                        type="string"/>
                    <state
                        fdm:bindRef="state"
                        fdm:computed="{Boolean}false"
                        fdm:primaryKey="{Boolean}false"
                        fdm:protected="{Boolean}false"
                        fdm:required="{Boolean}false"
                        jcr:primaryType="nt:unstructured"
                        name="state"
                        type="string"/>
                    <zip
                        fdm:bindRef="zip"
                        fdm:computed="{Boolean}false"
                        fdm:primaryKey="{Boolean}false"
                        fdm:protected="{Boolean}false"
                        fdm:required="{Boolean}false"
                        jcr:primaryType="nt:unstructured"
                        name="zip"
                        type="string"/>
                    <address
                        fdm:bindRef="address"
                        fdm:computed="{Boolean}false"
                        fdm:primaryKey="{Boolean}false"
                        fdm:protected="{Boolean}false"
                        fdm:required="{Boolean}false"
                        jcr:primaryType="nt:unstructured"
                        name="address"
                        type="string"/>
                    <city
                        fdm:bindRef="city"
                        fdm:computed="{Boolean}false"
                        fdm:primaryKey="{Boolean}false"
                        fdm:protected="{Boolean}false"
                        fdm:required="{Boolean}false"
                        jcr:primaryType="nt:unstructured"
                        name="city"
                        type="string"/>
                    <id
                        fdm:bindRef="id"
                        fdm:computed="{Boolean}false"
                        fdm:primaryKey="{Boolean}false"
                        fdm:protected="{Boolean}false"
                        fdm:required="{Boolean}false"
                        jcr:primaryType="nt:unstructured"
                        name="id"
                        type="string"/>
                    <possibleWithdrawals
                        fdm:bindRef="possibleWithdrawals"
                        fdm:computed="{Boolean}false"
                        fdm:primaryKey="{Boolean}false"
                        fdm:protected="{Boolean}false"
                        fdm:required="{Boolean}false"
                        jcr:primaryType="nt:unstructured"
                        name="possibleWithdrawals"
                        type="number"/>
                    <currentContributions
                        fdm:bindRef="currentContributions"
                        fdm:computed="{Boolean}false"
                        fdm:primaryKey="{Boolean}false"
                        fdm:protected="{Boolean}false"
                        fdm:required="{Boolean}false"
                        jcr:primaryType="nt:unstructured"
                        name="currentContributions"
                        type="number"/>
                    <onlineBanking
                        fdm:bindRef="onlineBanking"
                        fdm:computed="{Boolean}false"
                        fdm:primaryKey="{Boolean}false"
                        fdm:protected="{Boolean}false"
                        fdm:required="{Boolean}false"
                        jcr:primaryType="nt:unstructured"
                        name="onlineBanking"
                        type="string"/>
                    <directDeposit
                        fdm:bindRef="directDeposit"
                        fdm:computed="{Boolean}false"
                        fdm:primaryKey="{Boolean}false"
                        fdm:protected="{Boolean}false"
                        fdm:required="{Boolean}false"
                        jcr:primaryType="nt:unstructured"
                        name="directDeposit"
                        type="string"/>
                </properties>
            </user_1527705381197>
        </definitions>
        <links jcr:primaryType="nt:unstructured">
            <get_getcurrentratesid15277104721180
                fdm:source="source1"
                jcr:primaryType="nt:unstructured"
                description="Gets the current interest rates"
                genericOperation="{Boolean}false"
                href="localhost:8080/SampleRest/webapi"
                id="GET /getCurrentRates/{id}_15277104721180"
                method="GET"
                name="GET /getCurrentRates/{id}"
                rel="balances_1527705381197">
                <fdm:data jcr:primaryType="nt:unstructured"/>
                <schema
                    fdm:bindRef="schema"
                    fdm:computed="{Boolean}false"
                    fdm:primaryKey="{Boolean}false"
                    fdm:protected="{Boolean}false"
                    fdm:required="{Boolean}false"
                    jcr:primaryType="nt:unstructured"
                    description="operation input description"
                    name="schema"
                    type="object">
                    <properties jcr:primaryType="nt:unstructured">
                        <id
                            fdm:bindRef="id"
                            fdm:computed="{Boolean}false"
                            fdm:in="path"
                            fdm:primaryKey="{Boolean}false"
                            fdm:protected="{Boolean}false"
                            fdm:required="{Boolean}true"
                            jcr:primaryType="nt:unstructured"
                            description="Configuration type of the document to render"
                            name="id"
                            type="string"/>
                    </properties>
                </schema>
                <targetSchema
                    fdm:bindRef="balances"
                    fdm:computed="{Boolean}false"
                    fdm:primaryKey="{Boolean}false"
                    fdm:protected="{Boolean}false"
                    fdm:required="{Boolean}false"
                    jcr:primaryType="nt:unstructured"
                    _x0024_ref="balances_1527705381197"
                    name="balances"
                    title="balances"
                    type="object"/>
            </get_getcurrentratesid15277104721180>
        </links>
        <properties jcr:primaryType="nt:unstructured">
            <balances_1527705381197
                fdm:computed="{Boolean}false"
                fdm:protected="{Boolean}false"
                fdm:required="{Boolean}false"
                jcr:primaryType="nt:unstructured"
                _x0024_ref="balances_1527705381197"
                name="balances_1527705381197"/>
        </properties>
    </jcr:content>
</jcr:root>
