{
    "af": "Afghanistan",
    "ae": "United Arab Emirates",
    "am": "Armenia",
    "az": "Azerbaijan",
    "bd": "Bangladesh",
    "bh": "Bahrain",
    "bn": "Brunei",
    "bt": "Bhutan",
    "cn": "China",
    "cy": "Cyprus",
    "ge": "Georgia",
    "id": "Indonesia",
    "il": "Israel",
    "in": "India",
    "iq": "Iraq",
    "ir": "Iran",
    "jo": "Jordan",
    "jp": "Japan",
    "kg": "Kyrgyzstan",
    "kh": "Cambodia",
    "kp": "North Korea",
    "kr": "South Korea",
    "kw": "Kuwait",
    "kz": "Kazakhstan",
    "la": "Laos",
    "lb": "Lebanon",
    "lk": "Sri Lanka",
    "mm": "Myanmar",
    "mn": "Mongolia",
    "mo": "Macau",
    "my": "Malaysia",
    "np": "Nepal",
    "om": "Oman",
    "ph": "Philippines",
    "pk": "Pakistan",
    "ps": "Palestine",
    "qa": "Qatar",
    "sa": "Saudi Arabia",
    "sg": "Singapore",
    "sy": "Syria",
    "th": "Thailand",
    "tj": "Tajikistan",
    "tm": "Turkmenistan",
    "tr": "Turkey",
    "tw": "Taiwan",
    "uz": "Uzbekistan",
    "vn": "Vietnam",
    "ye": "Yemen"
}
