{
    "ad": "Andorra",
    "al": "Albania",
    "am": "Armenia",
    "at": "Austria",
    "az": "Azerbaijan",
    "ba": "Bosnia and Herzegovina",
    "be": "Belgium",
    "bg": "Bulgaria",
    "by": "Belarus",
    "ch": "Switzerland",
    "cy": "Cyprus",
    "cz": "Czechia",
    "de": "Germany",
    "dk": "Denmark",
    "ee": "Estonia",
    "es": "Spain",
    "fi": "Finland",
    "fr": "France",
    "gb": "United Kingdom",
    "ge": "Georgia",
    "gr": "Greece",
    "hr": "Croatia",
    "hu": "Hungary",
    "ie": "Ireland",
    "is": "Iceland",
    "it": "Italy",
    "li": "Liechtenstein",
    "lt": "Lithuania",
    "lu": "Luxembourg",
    "lv": "Latvia",
    "mc": "Monaco",
    "md": "Moldova",
    "me": "Montenegro",
    "mk": "North Macedonia",
    "mt": "Malta",
    "nl": "Netherlands",
    "no": "Norway",
    "pl": "Poland",
    "pt": "Portugal",
    "ro": "Romania",
    "rs": "Serbia",
    "ru": "Russia",
    "se": "Sweden",
    "si": "Slovenia",
    "sk": "Slovakia",
    "sm": "San Marino",
    "tr": "Turkey",
    "ua": "Ukraine",
    "va": "Vatican City"
}
