{
    "ag": "Antigua and Barbuda",
    "bs": "Bahamas",
    "bb": "Barbados",
    "bz": "Belize",
    "ca": "Canada",
    "cr": "Costa Rica",
    "cu": "Cuba",
    "dm": "Dominica",
    "do": "Dominican Republic",
    "sv": "El Salvador",
    "gd": "Grenada",
    "gt": "Guatemala",
    "ht": "Haiti",
    "hn": "Honduras",
    "jm": "Jamaica",
    "mx": "Mexico",
    "ni": "Nicaragua",
    "pa": "Panama",
    "kn": "Saint Kitts and Nevis",
    "lc": "Saint Lucia",
    "vc": "Saint Vincent and the Grenadines",
    "tt": "Trinidad and Tobago",
    "us": "United States"
}
