<?xml version="1.0" encoding="UTF-8"?>
<jcr:root xmlns:sling="http://sling.apache.org/jcr/sling/1.0" xmlns:cq="http://www.day.com/jcr/cq/1.0" xmlns:jcr="http://www.jcp.org/jcr/1.0" xmlns:nt="http://www.jcp.org/jcr/nt/1.0"
    jcr:isCheckedOut="{Boolean}false"
    jcr:primaryType="cq:WorkflowModel"
    jcr:uuid="1e6732b4-dc48-4a68-bf37-ea7555e0457a"
    sling:resourceType="cq/workflow/components/model"
    description="No Description"
    title="JsonToXML">
    <variables jcr:primaryType="nt:unstructured">
        <generatedpdf
            jcr:primaryType="nt:unstructured"
            name="generatedpdf"
            type="com.adobe.aemfd.docmanager.Document"/>
        <xmlData
            jcr:primaryType="nt:unstructured"
            name="xmlData"
            type="org.w3c.dom.Document"/>
    </variables>
    <metaData
        cq:generatingPage="/conf/global/settings/workflow/models/JsonToXml/jcr:content"
        cq:lastModified="{Long}1709058523731"
        cq:lastModifiedBy="admin"
        jcr:primaryType="nt:unstructured"/>
    <nodes jcr:primaryType="nt:unstructured">
        <node0
            jcr:primaryType="cq:WorkflowNode"
            title="Start"
            type="START">
            <metaData jcr:primaryType="nt:unstructured"/>
        </node0>
        <node1
            jcr:primaryType="cq:WorkflowNode"
            title="Convert JSON to XML"
            type="PROCESS">
            <metaData
                jcr:primaryType="nt:unstructured"
                PROCESS="com.aemforms.jsontoxml.core.ConvertJsonPayloadToXML"
                PROCESS_ARGS="data.json"
                PROCESS_AUTO_ADVANCE="true"/>
        </node1>
        <node2
            jcr:primaryType="cq:WorkflowNode"
            description="Renders a PDF Form using Input XDP and data XML"
            title="Render PDF Form from XDP"
            type="PROCESS">
            <metaData
                jcr:primaryType="nt:unstructured"
                acrobatversion="Acrobat_10"
                data="VARIABLE:xmlData"
                outputpdf="RELATIVE_PLOAD:generatedpdf.pdf"
                PROCESS="com.adobe.fd.workflow.forms.impl.RenderPDFFormProcess"
                PROCESS_AUTO_ADVANCE="true"
                urlOrFileName="ABSOLUTE_PATH:/content/dam/formsanddocuments/f23.xdp"/>
        </node2>
        <node3
            jcr:primaryType="cq:WorkflowNode"
            title="Process"
            type="PROCESS">
            <metaData
                jcr:primaryType="nt:unstructured"
                PROCESS="com.aemforms.setvalue.core.WriteDocumentsToFileSystem"
                PROCESS_ARGS="generatedpdf.pdf,c:\\scrap"
                PROCESS_AUTO_ADVANCE="true"/>
        </node3>
        <node4
            jcr:primaryType="cq:WorkflowNode"
            title="End"
            type="END">
            <metaData jcr:primaryType="nt:unstructured"/>
        </node4>
    </nodes>
    <transitions jcr:primaryType="nt:unstructured">
        <node0_x0023_node1
            jcr:primaryType="cq:WorkflowTransition"
            from="node0"
            rule=""
            to="node1">
            <metaData jcr:primaryType="nt:unstructured"/>
        </node0_x0023_node1>
        <node1_x0023_node2
            jcr:primaryType="cq:WorkflowTransition"
            from="node1"
            rule=""
            to="node2">
            <metaData jcr:primaryType="nt:unstructured"/>
        </node1_x0023_node2>
        <node2_x0023_node3
            jcr:primaryType="cq:WorkflowTransition"
            from="node2"
            rule=""
            to="node3">
            <metaData jcr:primaryType="nt:unstructured"/>
        </node2_x0023_node3>
        <node3_x0023_node4
            jcr:primaryType="cq:WorkflowTransition"
            from="node3"
            to="node4">
            <metaData jcr:primaryType="nt:unstructured"/>
        </node3_x0023_node4>
    </transitions>
</jcr:root>
