<?xml version="1.0" encoding="UTF-8"?>
<jcr:root xmlns:sling="http://sling.apache.org/jcr/sling/1.0" xmlns:cq="http://www.day.com/jcr/cq/1.0" xmlns:jcr="http://www.jcp.org/jcr/1.0" xmlns:mix="http://www.jcp.org/jcr/mix/1.0" xmlns:nt="http://www.jcp.org/jcr/nt/1.0"
    jcr:primaryType="cq:Page">
    <jcr:content
        cq:lastModified="{Date}2018-03-08T15:56:53.703+01:00"
        cq:lastModifiedBy="admin"
        cq:template="/conf/we-retail/settings/wcm/templates/content-page"
        jcr:isCheckedOut="{Boolean}true"
        jcr:mixinTypes="[mix:versionable]"
        jcr:primaryType="cq:PageContent"
        jcr:title="Style System"
        jcr:uuid="43165ae1-e9d8-4cba-b1c6-007a748625d2"
        sling:resourceType="weretail/components/structure/page"
        hideInNav="true">
        <root
            jcr:primaryType="nt:unstructured"
            sling:resourceType="wcm/foundation/components/responsivegrid">
            <responsivegrid
                jcr:created="{Date}2016-09-20T20:35:34.244+02:00"
                jcr:createdBy="admin"
                jcr:lastModified="{Date}2016-09-20T20:35:53.900+02:00"
                jcr:lastModifiedBy="admin"
                jcr:primaryType="nt:unstructured"
                sling:resourceType="wcm/foundation/components/responsivegrid">
                <title
                    jcr:created="{Date}2018-03-04T19:36:03.005-05:00"
                    jcr:createdBy="admin"
                    jcr:lastModified="{Date}2018-03-08T11:08:51.145+01:00"
                    jcr:lastModifiedBy="admin"
                    jcr:primaryType="nt:unstructured"
                    jcr:title="AEM Style System"
                    sling:resourceType="livetrials/components/title"
                    type="h1"/>
                <text_992438933
                    jcr:created="{Date}2018-03-04T19:36:39.496-05:00"
                    jcr:createdBy="admin"
                    jcr:lastModified="{Date}2018-03-08T15:48:16.806+01:00"
                    jcr:lastModifiedBy="admin"
                    jcr:primaryType="nt:unstructured"
                    sling:resourceType="weretail/components/content/text"
                    text="&lt;div>Aliquam nec orci dolor. Donec id sollicitudin ex. Proin luctus enim id lobortis vestibulum. Maecenas nulla purus, aliquet ac vehicula vel, euismod nec augue. Ut viverra ex ante, ac semper nibh maximus et. Fusce interdum dignissim diam ac aliquet.&lt;/div>&#xa;&lt;div>&amp;nbsp;&lt;/div>&#xa;&lt;div>Vivamus vitae velit dapibus, elementum nisl non, commodo est. Aliquam in erat sed nibh viverra congue. Aliquam lorem diam, tempus sit amet varius non, luctus ac libero. In hac habitasse platea dictumst. Sed aliquet sapien et ultrices ornare.&amp;nbsp;&lt;/div>&#xa;&lt;div>&amp;nbsp;&lt;/div>&#xa;&lt;div>&amp;nbsp;&lt;/div>&#xa;"
                    textIsRich="true">
                    <cq:responsive jcr:primaryType="nt:unstructured">
                        <default
                            jcr:primaryType="nt:unstructured"
                            width="6"/>
                    </cq:responsive>
                </text_992438933>
                <text_1638323142
                    jcr:created="{Date}2018-03-08T15:42:07.675+01:00"
                    jcr:createdBy="admin"
                    jcr:lastModified="{Date}2018-03-08T15:42:49.500+01:00"
                    jcr:lastModifiedBy="admin"
                    jcr:primaryType="nt:unstructured"
                    sling:resourceType="weretail/components/content/text"
                    text="&lt;p>&lt;b>RECOMMENDED BY OUR EXPERTS&lt;/b>&lt;/p>&#xa;"
                    textIsRich="true">
                    <cq:responsive jcr:primaryType="nt:unstructured">
                        <default
                            jcr:primaryType="nt:unstructured"
                            width="6"/>
                    </cq:responsive>
                </text_1638323142>
                <list
                    cq:styleIds="[1508800134047]"
                    jcr:created="{Date}2018-03-08T11:08:15.325+01:00"
                    jcr:createdBy="admin"
                    jcr:lastModified="{Date}2018-03-08T15:56:46.923+01:00"
                    jcr:lastModifiedBy="admin"
                    jcr:primaryType="nt:unstructured"
                    sling:resourceType="weretail/components/content/list"
                    childDepth="1"
                    itemType="item"
                    linkItems="true"
                    listFrom="children"
                    orderBy="title"
                    parentPage="/content/we-retail/us/en/products/equipment/running"
                    showDescription="true"
                    showModificationDate="true"
                    sortOrder="asc"
                    tagsMatch="any">
                    <cq:responsive jcr:primaryType="nt:unstructured">
                        <default
                            jcr:primaryType="nt:unstructured"
                            width="6"/>
                    </cq:responsive>
                </list>
                <title_894768093
                    jcr:created="{Date}2018-03-04T19:36:06.926-05:00"
                    jcr:createdBy="admin"
                    jcr:lastModified="{Date}2018-03-08T15:41:59.689+01:00"
                    jcr:lastModifiedBy="admin"
                    jcr:primaryType="nt:unstructured"
                    jcr:title="We have something for everyone"
                    sling:resourceType="livetrials/components/title"
                    type="h2"/>
                <text
                    jcr:created="{Date}2018-03-04T19:36:33.988-05:00"
                    jcr:createdBy="admin"
                    jcr:lastModified="{Date}2018-03-08T15:41:42.253+01:00"
                    jcr:lastModifiedBy="admin"
                    jcr:primaryType="nt:unstructured"
                    sling:resourceType="weretail/components/content/text"
                    text="&lt;p>Nam purus nunc, posuere sit amet iaculis non, dignissim sit amet ante. Aenean tellus dolor, porta non arcu ac, viverra malesuada tellus. Nam viverra, lectus in finibus hendrerit, nulla metus porta nibh, vel rhoncus enim felis ac lorem.&lt;/p>&#xa;"
                    textIsRich="true"/>
                <list_1481360726
                    jcr:created="{Date}2018-03-08T11:08:57.897+01:00"
                    jcr:createdBy="admin"
                    jcr:lastModified="{Date}2018-03-08T15:56:43.960+01:00"
                    jcr:lastModifiedBy="admin"
                    jcr:primaryType="nt:unstructured"
                    sling:resourceType="weretail/components/content/list"
                    childDepth="1"
                    itemType="item"
                    linkItems="true"
                    listFrom="static"
                    pages="[/content/we-retail/us/en/women,/content/we-retail/us/en/men]"
                    showDescription="true"
                    showModificationDate="true"
                    sortOrder="asc"
                    tagsMatch="any">
                    <cq:responsive jcr:primaryType="nt:unstructured">
                        <default
                            jcr:primaryType="nt:unstructured"
                            width="6"/>
                    </cq:responsive>
                </list_1481360726>
                <image
                    jcr:created="{Date}2018-03-08T15:40:27.989+01:00"
                    jcr:createdBy="admin"
                    jcr:lastModified="{Date}2018-03-08T15:56:00.064+01:00"
                    jcr:lastModifiedBy="admin"
                    jcr:primaryType="nt:unstructured"
                    sling:resourceType="weretail/components/content/image"
                    fileReference="/content/dam/we-retail/en/activities/running/marathon-shoes.jpg"
                    imageCrop="41,407,1238,720">
                    <cq:responsive jcr:primaryType="nt:unstructured">
                        <default
                            jcr:primaryType="nt:unstructured"
                            offset="0"
                            width="6"/>
                    </cq:responsive>
                </image>
                <title_709223013
                    jcr:created="{Date}2018-03-08T15:39:25.908+01:00"
                    jcr:createdBy="admin"
                    jcr:lastModified="{Date}2018-03-08T15:39:39.175+01:00"
                    jcr:lastModifiedBy="admin"
                    jcr:primaryType="nt:unstructured"
                    jcr:title="Tailor-made experiences"
                    sling:resourceType="weretail/components/content/title"/>
                <list_1468516255
                    jcr:created="{Date}2018-03-08T11:09:32.070+01:00"
                    jcr:createdBy="admin"
                    jcr:lastModified="{Date}2018-03-08T15:56:53.694+01:00"
                    jcr:lastModifiedBy="admin"
                    jcr:primaryType="nt:unstructured"
                    sling:resourceType="weretail/components/content/list"
                    childDepth="1"
                    itemType="article"
                    linkItems="true"
                    listFrom="children"
                    parentPage="/content/we-retail/us/en/experience"
                    showDescription="true"
                    showModificationDate="true"
                    sortOrder="asc"
                    tagsMatch="any"/>
            </responsivegrid>
        </root>
    </jcr:content>
</jcr:root>
