<?xml version="1.0" encoding="UTF-8"?>
<jcr:root xmlns:sling="http://sling.apache.org/jcr/sling/1.0" xmlns:cq="http://www.day.com/jcr/cq/1.0" xmlns:jcr="http://www.jcp.org/jcr/1.0" xmlns:nt="http://www.jcp.org/jcr/nt/1.0" xmlns:rep="internal"
    jcr:mixinTypes="[rep:AccessControllable]"
    jcr:primaryType="cq:Page">
    <rep:policy/>
    <wcm/>
    <weretail
        jcr:primaryType="nt:unstructured"
        sling:resourceType="nt:unstructured">
        <components
            jcr:primaryType="nt:unstructured"
            sling:resourceType="nt:unstructured">
            <structure/>
            <content
                jcr:primaryType="nt:unstructured"
                sling:resourceType="nt:unstructured">
                <breadcrumb/>
                <title/>
                <image/>
                <list/>
                <categoryteaser/>
                <categoryteaserimage/>
                <contentfragment jcr:primaryType="nt:unstructured">
                    <default
                        jcr:lastModified="{Date}2018-05-15T09:22:00.956-04:00"
                        jcr:lastModifiedBy="admin"
                        jcr:primaryType="nt:unstructured"
                        jcr:title="We.Retail Content Fragment policy"
                        sling:resourceType="wcm/core/components/policy/policy"
                        cfm-grid-type="dam/cfm/components/grid"
                        mmf-image-type="dam/cfm/components/mmimage">
                        <jcr:content
                            jcr:primaryType="nt:unstructured"
                            mergeList="{Boolean}true"/>
                        <cq:styleGroups jcr:primaryType="nt:unstructured">
                            <item0
                                cq:styleGroupLabel="Styles"
                                jcr:primaryType="nt:unstructured">
                                <cq:styles jcr:primaryType="nt:unstructured">
                                    <item0
                                        cq:styleClasses="cmp-contentfragment--featured-athlete"
                                        cq:styleId="1526332492625"
                                        cq:styleLabel="Featured Athlete"
                                        jcr:primaryType="nt:unstructured"/>
                                </cq:styles>
                            </item0>
                        </cq:styleGroups>
                    </default>
                </contentfragment>
            </content>
        </components>
    </weretail>
    <core/>
</jcr:root>
