{
  "$schema": "http://json-schema.org/draft-07/schema#",
  "$id": "http://example.com/product.schema.json",
  "title": "Product",
  "description": "A product from Acme's catalog",
  "type": "object",
  "properties": {
    "productId": {
      "description": "The unique identifier for a product",
      "type": "integer"
    },
    "productName": {
      "description": "Name of the product",
      "type": "string"
    },
    "price": {
      "description": "The price of the product",
      "type": "integer"

    },
    
    "dimensions": {
      "type": "object",
      "properties": {
        "length": {
          "type": "integer"
        },
        "width": {
          "type": "integer"
        },
        "height": {
          "type": "integer"
        }
      },
      "required": [ "length", "width", "height" ]
    }
  },
  "required": [ "dimensions", "productName", "price" ]
}