{
  "$schema": "http://json-schema.org/draft-04/schema#",
  "type": "object",
  "properties": {
  "fullname":{
	"type":"string",
	"maxLength":30
	
	},
    "employmentstatus":{
    "type":"string",
    "enum":["Working","retired","Student"]
    },
	"age":{
	"type":"integer",
	"minimum":18,
	"maximum":99
	},
	 "address": {
      "type": "object",
      "properties": {
        "streetAddress": {
          "type": "string",
		  "maxLength":15
        },
        "city": {
          "type": "string"
        },
          "state": {
          "type": "string"
        },
		"zipcode":{
		"type":"string",
		"maxLength":5
		}
		
      },
      "required": [
        "streetAddress",
        "city",
		"zipcode",
        "state"
      ]
    },
    "phoneNumber": {
      "type": "array",
      "items": {
        "type": "object",
        "properties": {
          "office": {
            "type": "string",
			"pattern": "^(\\([0-9]{3}\\))?[0-9]{3}-[0-9]{4}$"
          },
          "home": {
            "type": "string"
			}
        },
        "required": [
          "office",
          "home"
        ]
      }
    }
  },
  "required": [
    "address",
    "phoneNumber",
	"age"
  ]
}