<?xml version="1.0" encoding="UTF-8"?>
<jcr:root xmlns:oak="http://jackrabbit.apache.org/oak/ns/1.0" xmlns:jcr="http://www.jcp.org/jcr/1.0" xmlns:nt="http://www.jcp.org/jcr/nt/1.0" xmlns:rep="internal"
    jcr:mixinTypes="[rep:AccessControllable]"
    jcr:primaryType="nt:unstructured">
    <socialLucene/>
    <cqCloudServiceConfig/>
    <cqMaster/>
    <workflowDataLucene/>
    <slingeventJob/>
    <jcrLanguage/>
    <extensionType/>
    <damScene7UploadTimeStamp/>
    <containeeInstanceId/>
    <active/>
    <cqMobileAppLucene/>
    <versionStoreIndex/>
    <cqIsCommunitySite/>
    <repMembers/>
    <processingProfile/>
    <counter/>
    <damScene7name/>
    <authorizables/>
    <cqDefaultFormFor/>
    <slingResourceSuperType/>
    <damScene7FileStatus/>
    <cqCugEnabled/>
    <damScene7ID/>
    <cqAcUUID/>
    <externalPrincipalNames/>
    <campaignpath/>
    <eclink/>
    <subType/>
    <damS7watch/>
    <cqProjectLucene/>
    <afTemplateVersion/>
    <acPrincipalName/>
    <fpContentType/>
    <cqVariantFamily/>
    <uuid/>
    <slingVanityPath/>
    <jcrLockOwner/>
    <damAssetLucene/>
    <deviceIdentificationMode/>
    <refExpired/>
    <rep:policy/>
    <cqCloudServiceConfigs/>
    <slingResources/>
    <cqPayloadPath/>
    <contentPath/>
    <ecuuid/>
    <cqOwnerCanvasPage/>
    <nodetype/>
    <cqTemplate/>
    <ntBaseLucene/>
    <verb/>
    <reference/>
    <lockCreated/>
    <principalName/>
    <cqTagLucene/>
    <lucene/>
    <guideComponentType/>
    <externalId/>
    <slingAlias/>
    <fragmentPath/>
    <authorizableId/>
    <cqPageLucene
        jcr:primaryType="oak:QueryIndexDefinition"
        async="[async,nrt]"
        compatVersion="{Long}2"
        evaluatePathRestrictions="{Boolean}true"
        excludedPaths="[/var,/etc/replication,/etc/workflow/instances,/jcr:system]"
        reindex="{Boolean}false"
        reindexCount="{Long}15"
        type="lucene">
        <analyzers jcr:primaryType="nt:unstructured">
            <default jcr:primaryType="nt:unstructured">
                <charFilters jcr:primaryType="nt:unstructured">
                    <HTMLStrip jcr:primaryType="nt:unstructured"/>
                    <Mapping jcr:primaryType="nt:unstructured"/>
                </charFilters>
                <tokenizer
                    jcr:primaryType="nt:unstructured"
                    name="Standard"/>
                <filters jcr:primaryType="nt:unstructured">
                    <LowerCase jcr:primaryType="nt:unstructured"/>
                    <Synonym
                        jcr:primaryType="nt:unstructured"
                        synonyms="synonyms.txt">
                        <synonyms.txt/>
                    </Synonym>
                    <Stop
                        jcr:primaryType="nt:unstructured"
                        words="stopwords.txt">
                        <stopwords.txt/>
                    </Stop>
                    <PorterStem jcr:primaryType="nt:unstructured"/>
                </filters>
            </default>
        </analyzers>
    </cqPageLucene>
    <slingResourceType/>
    <cqKeywords/>
    <damStatus/>
</jcr:root>
