{
  "$schema": "http://json-schema.org/draft-04/schema#",
  "type": "object",
  "properties": {
    "zip": {
      "type": "string"
    },
    "address": {
      "type": "string"
    },
    "city": {
      "type": "string"
    },
    "deliverypref": {
      "type": "string",
        "enum":["print","email","sms"]
    },
    "onlineBanking": {
      "type": "integer"
    },
    "groupNumber": {
      "type": "string"
    },
    "directDeposit": {
      "type": "integer"
    },
    "groupName": {
      "type": "string"
    },
    "possibleWithdrawals": {
      "type": "integer"
    },
    "name": {
      "type": "string"
    },
    "currentContributions": {
      "type": "integer"
    },
    "id": {
      "type": "string"
    },
    "state": {
      "type": "string"
    },
    "credit": {
      "type": "integer"
    },
    "age": {
      "type": "integer"
    },
    "email": {
      "type": "string"
    }
  },
  "required": [
    "zip",
    "address",
    "city",
    "deliverypref",
    "onlineBanking",
    "groupNumber",
    "directDeposit",
    "groupName",
    "possibleWithdrawals",
    "name",
    "currentContributions",
    "id",
    "state",
    "credit",
    "age",
    "email"
  ]
}