{
  "$schema": "http://json-schema.org/draft-04/schema#",
  "type": "object",
  "properties": {
    "accountno": {
      "type": "string"
    },
    "address": {
      "type": "string"
    },
    "city": {
      "type": "string"
    },
    "solution": {
      "type": "string",
        "enum":["Cable","Streaming","Broadband"]
    },
     "customername": {
      "type": "string"
    },
    "comments": {
      "type": "string"
    },
        "email": {
      "type": "string"
    }
  },
  "required": [
   
     "customername",
     "accountno",
    "solution",
    "comments",
     "email"
  ]
}