{
  "$schema": "http://json-schema.org/draft-04/schema#",
  "type": "object",
  "properties": {
    "accountno": {
      "type": "string"
    },
    "address": {
      "type": "string"
    },
    "city": {
      "type": "string"
    },
	"timeline": {
      "type": "string",
        "enum":["6 Months","3 Months","12 Months"]
    },
    "property_type": {
      "type": "string",
        "enum":["Single Family","Townhome","Multi Family"]
    },
	"employment_status": {
      "type": "string",
        "enum":["Employed","Retired","Self-Employed"]
    },
     "customername": {
      "type": "string"
    },
    "comments": {
      "type": "string"
    },
        "email": {
      "type": "string"
    }
  },
  "required": [
   
     "timeline",
     "property_type",
    "employment_status",
	"customername"
    
  ]
}