<?xml version="1.0" encoding="UTF-8"?>
<jcr:root xmlns:sling="http://sling.apache.org/jcr/sling/1.0" xmlns:cq="http://www.day.com/jcr/cq/1.0" xmlns:jcr="http://www.jcp.org/jcr/1.0" xmlns:nt="http://www.jcp.org/jcr/nt/1.0"
    jcr:isCheckedOut="{Boolean}false"
    jcr:primaryType="cq:WorkflowModel"
    jcr:uuid="e9f48b72-5b0e-4e6c-8ee6-c12bc2293c94"
    sling:resourceType="cq/workflow/components/model"
    description="No Description"
    title="LoanApplication2">
    <metaData
        cq:generatingPage="/conf/global/settings/workflow/models/LoanApplication2/jcr:content"
        cq:lastModified="{Long}1563484467272"
        cq:lastModifiedBy="admin"
        jcr:primaryType="nt:unstructured"/>
    <nodes jcr:primaryType="nt:unstructured">
        <node0
            jcr:primaryType="cq:WorkflowNode"
            title="Start"
            type="START">
            <metaData jcr:primaryType="nt:unstructured"/>
        </node0>
        <node1
            jcr:primaryType="cq:WorkflowNode"
            description="Creates a meta data property called ssn and set its value to the SSN entered in the Adaptive Form"
            title="Create SSN MetaData Property"
            type="PROCESS">
            <metaData
                jcr:primaryType="nt:unstructured"
                PROCESS="com.aemforms.setvalue.core.SetWorkflowMetaData"
                PROCESS_ARGS="ssn=/afData/afUnboundData/data/ssn"
                PROCESS_AUTO_ADVANCE="true"/>
        </node1>
        <node2
            jcr:primaryType="cq:WorkflowNode"
            description="Invoke a Form Data Model Service to fetch or post data to a data source."
            title="Invoke Form Data Model Service"
            type="PROCESS">
            <metaData
                jcr:primaryType="nt:unstructured"
                FDM_PATH="/content/dam/formsanddocuments-fdm/getcreditscore"
                inputjsonmode="FOLDER_PAYLOAD"
                inputkey="ssn"
                inputoption="wfmetadata"
                inputvalue="ssn"
                isarray="false"
                isbinary="false"
                isjsoninput="MANUAL"
                isjsonoutput="MANUAL"
                mapinputfieldshidden="false"
                mode="FOLDER_PAYLOAD"
                OPERATION="GET /getCreditScore/{ssn}_15163867485480"
                OPERATION_TYPE="false"
                outputjsonmode="FOLDER_PAYLOAD"
                outputkey="creditscore"
                outputvalue="creditScore"
                PROCESS="com.adobe.fd.workflow.fdm.step.FDMOperationStep"
                PROCESS_AUTO_ADVANCE="true"
                SUBTYPE="forms:fdmoperation"
                WORK_ITEM_TYPE="FDM_OPERATION_STEP"/>
        </node2>
        <node3
            jcr:primaryType="cq:WorkflowNode"
            title="OR_SPLIT"
            type="OR_SPLIT">
            <metaData jcr:primaryType="nt:unstructured"/>
        </node3>
        <node4
            jcr:primaryType="cq:WorkflowNode"
            title="OR_JOIN"
            type="OR_JOIN">
            <metaData jcr:primaryType="nt:unstructured"/>
        </node4>
        <node5
            jcr:primaryType="cq:WorkflowNode"
            description="Applicants Credit Score is more than 500"
            title="Good Credit Score"
            type="PROCESS">
            <metaData
                jcr:primaryType="nt:unstructured"
                AF_PATH="/content/dam/formsanddocuments/mortgageapplication"
                DELEGATE_TO="assignee"
                DUEDATE_UNIT="OFF"
                DUEDATE_VALUE="[,]"
                DYNAMIC_ASSIGNEE="[/apps/fd/dashboard/scripts/participantChooser/DynamicAssigneeManager2.ecma,/apps/fd/dashboard/scripts/participantChooser/DynamicAssigneeManager2.ecma]"
                FORM_TYPE="READ_ONLY_AF"
                INPUT_DATAXML="Data.xml"
                IS_COMMENT_ALLOWED="true"
                IS_NEXT_STEP_DATA_ALLOWED="true"
                IS_PREVIOUS_STEP_DATA_ALLOWED="true"
                PROCESS="com.adobe.fd.workspace.step.service.AssignFormStep"
                PROCESS_AUTO_ADVANCE="false"
                PROCESS_PARTICIPANT_TYPE="static"
                SHOW_ACTION="true"
                SHOW_ASSIGNEE="true"
                SHOW_COMMENT="true"
                SHOW_DOCUMENT_OF_COMPLETED_TASK="true"
                SHOW_RESET="true"
                SHOW_SAVE="true"
                SHOW_SUBMIT="true"
                STATIC_ASSIGNEE="admin"
                SUBTYPE="forms:assigntask"
                TASK_PRIORITY="MEDIUM"
                TIMEOUT_HANDLER="[,]"
                USER_METADATA_RESOURCE="[,]"
                WORK_ITEM_TYPE="AF_ASSIGN_STEP"
                workflowStage="[,]"/>
        </node5>
        <node6
            jcr:primaryType="cq:WorkflowNode"
            description="Not an Ideal credit score(less than 500)"
            title="Bad Credit Score"
            type="PROCESS">
            <metaData
                jcr:primaryType="nt:unstructured"
                AF_PATH="/content/dam/formsanddocuments/mortgageapplication"
                DELEGATE_TO="assignee"
                DUEDATE_UNIT="OFF"
                DUEDATE_VALUE="[,]"
                DYNAMIC_ASSIGNEE="[/apps/fd/dashboard/scripts/participantChooser/DynamicAssigneeManager2.ecma,/apps/fd/dashboard/scripts/participantChooser/DynamicAssigneeManager2.ecma]"
                FORM_TYPE="READ_ONLY_AF"
                HISTORY_DOR="READONLY_AF"
                INPUT_DATAXML="Data.xml"
                IS_COMMENT_ALLOWED="true"
                IS_NEXT_STEP_DATA_ALLOWED="true"
                IS_PREVIOUS_STEP_DATA_ALLOWED="true"
                PROCESS="com.adobe.fd.workspace.step.service.AssignFormStep"
                PROCESS_AUTO_ADVANCE="false"
                PROCESS_PARTICIPANT_TYPE="static"
                SHOW_ACTION="true"
                SHOW_ASSIGNEE="true"
                SHOW_COMMENT="true"
                SHOW_DOCUMENT_OF_COMPLETED_TASK="true"
                SHOW_RESET="true"
                SHOW_SAVE="true"
                SHOW_SUBMIT="true"
                STATIC_ASSIGNEE="cavery"
                SUBTYPE="forms:assigntask"
                TASK_PRIORITY="MEDIUM"
                TIMEOUT_HANDLER="[,]"
                USER_METADATA_RESOURCE="[,]"
                WORK_ITEM_TYPE="AF_ASSIGN_STEP"
                workflowStage="[,]"/>
        </node6>
        <node7
            jcr:primaryType="cq:WorkflowNode"
            title="End"
            type="END">
            <metaData jcr:primaryType="nt:unstructured"/>
        </node7>
    </nodes>
    <transitions jcr:primaryType="nt:unstructured">
        <node0_x0023_node1
            jcr:primaryType="cq:WorkflowTransition"
            from="node0"
            rule=""
            to="node1">
            <metaData jcr:primaryType="nt:unstructured"/>
        </node0_x0023_node1>
        <node1_x0023_node2
            jcr:primaryType="cq:WorkflowTransition"
            from="node1"
            rule=""
            to="node2">
            <metaData jcr:primaryType="nt:unstructured"/>
        </node1_x0023_node2>
        <node2_x0023_node3
            jcr:primaryType="cq:WorkflowTransition"
            from="node2"
            to="node3">
            <metaData jcr:primaryType="nt:unstructured"/>
        </node2_x0023_node3>
        <node3_x0023_node5
            jcr:primaryType="cq:WorkflowTransition"
            from="node3"
            rule="function check(){&#xd;&#xa;   var creditScore = workflowData.getMetaDataMap().get(&quot;creditscore&quot;,&quot;&quot;);&#xd;&#xa;log.info(&quot;Credit Score got is &quot; + creditScore);&#xd;&#xa;var creditScoreInt=parseInt(creditScore);&#xd;&#xa;var comp = (creditScoreInt>500);&#xd;&#xa;log.info(&quot;Credit Score we got is  &quot; + creditScoreInt);&#xd;&#xa;log.info(&quot;comp is &quot; +comp);&#xd;&#xa;if(comp){&#xd;&#xa;   return true;&#xd;&#xa;}&#xd;&#xa;else&#xd;&#xa;{&#xd;&#xa;return false;&#xd;&#xa;}&#xd;&#xa;}&#xd;&#xa;"
            to="node5">
            <metaData
                jcr:primaryType="nt:unstructured"
                isDefault="false"/>
        </node3_x0023_node5>
        <node5_x0023_node4
            jcr:primaryType="cq:WorkflowTransition"
            from="node5"
            to="node4">
            <metaData jcr:primaryType="nt:unstructured"/>
        </node5_x0023_node4>
        <node3_x0023_node6
            jcr:primaryType="cq:WorkflowTransition"
            from="node3"
            rule="function check(){&#xd;&#xa;  var creditScore = workflowData.getMetaDataMap().get(&quot;creditscore&quot;,&quot;&quot;);&#xd;&#xa;log.info(&quot;Credit Score got is &quot; + creditScore);&#xd;&#xa;var creditScoreInt=parseInt(creditScore);&#xd;&#xa;log.info(&quot;Credit Score got is &quot; + creditScore);&#xd;&#xa;var comp = (creditScoreInt&lt;=500);&#xd;&#xa;log.info(&quot;comp is &quot; +comp);&#xd;&#xa;if(comp){&#xd;&#xa;   return true;&#xd;&#xa;}&#xd;&#xa;else&#xd;&#xa;{&#xd;&#xa;return false;&#xd;&#xa;}&#xd;&#xa;}&#xd;&#xa;"
            to="node6">
            <metaData
                jcr:primaryType="nt:unstructured"
                isDefault="false"/>
        </node3_x0023_node6>
        <node6_x0023_node4
            jcr:primaryType="cq:WorkflowTransition"
            from="node6"
            to="node4">
            <metaData jcr:primaryType="nt:unstructured"/>
        </node6_x0023_node4>
        <node4_x0023_node7
            jcr:primaryType="cq:WorkflowTransition"
            from="node4"
            to="node7">
            <metaData jcr:primaryType="nt:unstructured"/>
        </node4_x0023_node7>
    </transitions>
</jcr:root>
