<?xml version="1.0" encoding="UTF-8"?>
<jcr:root xmlns:sling="http://sling.apache.org/jcr/sling/1.0" xmlns:cq="http://www.day.com/jcr/cq/1.0" xmlns:jcr="http://www.jcp.org/jcr/1.0" xmlns:rep="internal"
    jcr:mixinTypes="[rep:AccessControllable]"
    jcr:primaryType="sling:OrderedFolder">
    <rep:policy/>
    <dam/>
    <usergenerated/>
    <experience-fragments/>
    <cq:tags/>
    <projects/>
    <screens/>
    <catalogs/>
    <launches/>
    <campaigns/>
    <communities/>
    <sites/>
    <forms/>
    <community/>
    <community-components/>
    <we-retail/>
    <apps/>
    <xfaforms/>
    <DocumentServices/>
    <getad/>
    <getprintchannel/>
    <OpenPrintChannel/>
    <AemFormsSamples/>
    <printad/>
    <storecronexpression/>
    <cron/>
    <cronexpression/>
    <DemoListings/>
    <DocServicesDummyFolder/>
    <CronGen/>
    <jobs/>
    <SignedParticipantIDLetter.pdf/>
    <scheduler/>
    <summit-hands-on/>
    <summitdemo/>
    <campaign/>
    <acsfetchad/>
    <samples/>
    <kaiser/>
    <fetchprintad/>
    <AemForms/>
    <formsubmissions/>
    <getmembers/>
    <tobedeleted/>
    <barcodedpdf/>
    <jsonfiles/>
    <watchedfolderfiles/>
    <ocr/>
    <ocrfiles/>
    <carmax/>
    <carmaxx/>
    <DemoServerBundles/>
</jcr:root>
