<?xml version="1.0" encoding="UTF-8"?>
<jcr:root xmlns:sling="http://sling.apache.org/jcr/sling/1.0" xmlns:cq="http://www.day.com/jcr/cq/1.0" xmlns:jcr="http://www.jcp.org/jcr/1.0" xmlns:nt="http://www.jcp.org/jcr/nt/1.0"
    jcr:primaryType="nt:unstructured"
    sling:resourceType="cq/gui/components/authoring/dialog">
    <content jcr:primaryType="nt:unstructured">
        <items jcr:primaryType="nt:unstructured">
            <tabs jcr:primaryType="nt:unstructured">
                <items jcr:primaryType="nt:unstructured">
                    <basic
                        jcr:primaryType="nt:unstructured"
                        sling:resourceType="granite/ui/components/coral/foundation/include"
                        path="/apps/weretail/components/structure/page/tabs/basic"/>
                    <customtab
                        cq:showOnCreate="{Boolean}true"
                        jcr:primaryType="nt:unstructured"
                        jcr:title="Custom Tab"
                        sling:orderBefore="basic"
                        sling:resourceType="granite/ui/components/coral/foundation/fixedcolumns">
                        <items jcr:primaryType="nt:unstructured">
                            <column
                                jcr:primaryType="nt:unstructured"
                                sling:resourceType="granite/ui/components/coral/foundation/container">
                                <items jcr:primaryType="nt:unstructured">
                                    <customfield
                                        cq:showOnCreate="{Boolean}true"
                                        jcr:primaryType="nt:unstructured"
                                        sling:resourceType="granite/ui/components/coral/foundation/form/textfield"
                                        fieldLabel="Custom Textfield"
                                        name="./customField"/>
                                </items>
                            </column>
                        </items>
                    </customtab>
                    <blueprint
                        jcr:primaryType="nt:unstructured"
                        sling:hideResource="{Boolean}true"/>
                </items>
            </tabs>
        </items>
    </content>
</jcr:root>
