{
    "balances_1516995517979": {
        "balances": [
            {
                "balance": 190000,
                "year": "2015"
            },
            {
                "balance": 220000,
                "year": "2016"
            },
            {
                "balance": 340000,
                "year": "2017"
            }
        ],
        "currentAssetMix": [
            {
                "percentage": 80.2,
                "assetType": "Stocks"
            },
            {
                "percentage": 19.8,
                "assetType": "Bonds"
            }
        ],
        "accountSummary": [
            {
                "current": "$331,854.71",
                "ytd": "$316,790.00",
                "description": "Begining Balance"
            },
            {
                "current": "$5,276.28",
                "ytd": "$11,552.73",
                "description": "Your contributions"
            },
            {
                "current": "$1,055.28",
                "ytd": "$2,813.09",
                "description": "Employer contributions"
            },
            {
                "current": "-$2,322.59",
                "ytd": "$3,492.80",
                "description": "Market gain/loss"
            },
            {
                "current": "$1,264.32",
                "ytd": "$2,479.38",
                "description": "Other transactions"
            },
            {
                "current": "$337,128.00",
                "ytd": "$337,128.00",
                "description": "Ending balance"
            },
            {
                "current": "$337,128.00",
                "ytd": "$337,128.00",
                "description": "Vested balance"
            }
        ],
        "estimatedIncome": [
            {
                "income": 4190,
                "contribution": 1589
            },
            {
                "income": 4396,
                "contribution": 1794
            },
            {
                "income": 4601,
                "contribution": 2000
            }
        ],
        "user": {
            "zip": "95110",
            "address": "345 Park Ave",
            "possibleWithdrawals": 4190,
            "city": "San Jose",
            "name": "Gloria Rios",
            "currentContributions": 1589,
            "state": "CA",
            "id": "598675",
            "onlineBanking": "1",
            "directDeposit": "1"
        },
        "modelAssetMix": [
            {
                "percentage": 70,
                "assetType": "Stocks"
            },
            {
                "percentage": 20,
                "assetType": "Bonds"
            },
            {
                "percentage": 10,
                "assetType": "Cash"
            }
        ]
    }
}