<?xml version="1.0" encoding="UTF-8"?>
<jcr:root xmlns:sling="http://sling.apache.org/jcr/sling/1.0" xmlns:cq="http://www.day.com/jcr/cq/1.0" xmlns:jcr="http://www.jcp.org/jcr/1.0" xmlns:nt="http://www.jcp.org/jcr/nt/1.0"
    jcr:isCheckedOut="{Boolean}false"
    jcr:primaryType="cq:WorkflowModel"
    jcr:uuid="8b9ec856-6d39-4947-96f1-cd95f10a183c"
    sling:resourceType="cq/workflow/components/model"
    description="No Description"
    title="welcomekitgenerator">
    <variables jcr:primaryType="nt:unstructured">
        <submittedData
            jcr:primaryType="nt:unstructured"
            name="submittedData"
            type="org.w3c.dom.Document"/>
        <submitter
            jcr:primaryType="nt:unstructured"
            name="submitter"
            type="java.lang.String"/>
        <documentsSelected
            jcr:primaryType="nt:unstructured"
            name="documentsSelected"
            type="java.lang.String"/>
        <welcomekiturl
            jcr:primaryType="nt:unstructured"
            name="welcomekiturl"
            type="java.lang.String"/>
        <submitterEmail
            jcr:primaryType="nt:unstructured"
            name="submitterEmail"
            type="java.lang.String"/>
    </variables>
    <metaData
        cq:generatingPage="/conf/global/settings/workflow/models/welcomekitgenerator/jcr:content"
        cq:lastModified="{Long}1671205170441"
        cq:lastModifiedBy="admin"
        jcr:primaryType="nt:unstructured"/>
    <nodes jcr:primaryType="nt:unstructured">
        <node0
            jcr:primaryType="cq:WorkflowNode"
            title="Start"
            type="START">
            <metaData jcr:primaryType="nt:unstructured"/>
        </node0>
        <node1
            jcr:primaryType="cq:WorkflowNode"
            description="Set value of variables"
            title="Set Variable"
            type="PROCESS">
            <metaData
                jcr:primaryType="nt:unstructured"
                PROCESS="com.adobe.granite.workflow.core.process.SetVariableProcess"
                PROCESS_AUTO_ADVANCE="true"
                variableMappings="[{&quot;variableName&quot;:&quot;documentsSelected&quot;\,&quot;mappingType&quot;:&quot;XPATH&quot;\,&quot;mappingValue&quot;:&quot;submittedData:afData/afUnboundData/data/documentsList&quot;},{&quot;variableName&quot;:&quot;submitter&quot;\,&quot;mappingType&quot;:&quot;XPATH&quot;\,&quot;mappingValue&quot;:&quot;submittedData:afData/afUnboundData/data/firstName&quot;},{&quot;variableName&quot;:&quot;submitterEmail&quot;\,&quot;mappingType&quot;:&quot;XPATH&quot;\,&quot;mappingValue&quot;:&quot;submittedData:afData/afUnboundData/data/email&quot;}]"/>
        </node1>
        <node2
            jcr:primaryType="cq:WorkflowNode"
            description="An AEM workflow process to generate a welcome kit from a set of assets."
            title="Welcome Kit Component"
            type="PROCESS">
            <metaData
                jcr:primaryType="nt:unstructured"
                BANNER_COMPONENT_IMAGE_PROPERTY_NAME="fileReference"
                BANNER_COMPONENT_RESOURCE_TYPE="banner"
                BANNER_COMPONENT_TEXT_PROPERTY_NAME="jcr:title"
                PRESS_KIT_COMPONENT_PROPERTY_NAME="paths"
                PRESS_KIT_COMPONENT_RESOURCE_TYPE="AEMFormsDemoListings/components/welcome-kit"
                PRESS_KIT_PAGE_TEMPLATE_PATH="/conf/welcomekit/settings/wcm/templates/welcomekit3"
                PROCESS="com.welcomekit.core.workflowprocess.CreatePage"
                PROCESS_AUTO_ADVANCE="true"
                ROOT_PATH_PATH="/content/welcome-kits"
                SERVER_URL="http://localhost:4502"
                WELCOME_KIT_COMPONENT_RESOURCE_TYPE="AEMFormsDemoListings/components/welcome-kit"
                WELCOME_KIT_PAGE_TEMPLATE_PATH="/conf/welcomekit/settings/wcm/templates/welcomekit3"/>
        </node2>
        <node3
            jcr:primaryType="cq:WorkflowNode"
            description="Use the email step to send an HTML email. For example, you can use the email step to send a document of record, adaptive form and interactive communication link, and a PDF document on completion of a workflow."
            title="Send Email"
            type="PROCESS">
            <metaData
                jcr:primaryType="nt:unstructured"
                bccAddressType="Literal"
                ccAddressType="Literal"
                emailSubject="Form submission"
                fromAddressType="Literal"
                fromAddressValue="rlyaemtm@adobe.com"
                hiddenCheckbox="[false,false]"
                hiddenIsFormsAsset="[false,false]"
                Key="[submitter,welcomekiturl]"
                PROCESS="com.adobe.fd.workflow.email.SendEmailStep"
                PROCESS_AUTO_ADVANCE="true"
                subjectType="Literal"
                templatemetadatatype="[Variable,Variable]"
                templatePath="/apps/dpc/emailTemplates/confirmationemail.html"
                toAddressType="Variable"
                toAddressValue="submitterEmail"
                urlPath="[,]"
                Value="[submitter,welcomekiturl]"/>
        </node3>
        <node4
            jcr:primaryType="cq:WorkflowNode"
            title="End"
            type="END">
            <metaData jcr:primaryType="nt:unstructured"/>
        </node4>
    </nodes>
    <transitions jcr:primaryType="nt:unstructured">
        <node0_x0023_node1
            jcr:primaryType="cq:WorkflowTransition"
            from="node0"
            rule=""
            to="node1">
            <metaData jcr:primaryType="nt:unstructured"/>
        </node0_x0023_node1>
        <node1_x0023_node2
            jcr:primaryType="cq:WorkflowTransition"
            from="node1"
            rule=""
            to="node2">
            <metaData jcr:primaryType="nt:unstructured"/>
        </node1_x0023_node2>
        <node2_x0023_node3
            jcr:primaryType="cq:WorkflowTransition"
            from="node2"
            rule=""
            to="node3">
            <metaData jcr:primaryType="nt:unstructured"/>
        </node2_x0023_node3>
        <node3_x0023_node4
            jcr:primaryType="cq:WorkflowTransition"
            from="node3"
            to="node4">
            <metaData jcr:primaryType="nt:unstructured"/>
        </node3_x0023_node4>
    </transitions>
</jcr:root>
