<?xml version="1.0" encoding="UTF-8"?>
<jcr:root xmlns:sling="http://sling.apache.org/jcr/sling/1.0" xmlns:cq="http://www.day.com/jcr/cq/1.0" xmlns:jcr="http://www.jcp.org/jcr/1.0" xmlns:nt="http://www.jcp.org/jcr/nt/1.0"
    jcr:isCheckedOut="{Boolean}false"
    jcr:primaryType="cq:WorkflowModel"
    jcr:uuid="0350532e-1eac-4cda-9d58-0eed7a66c436"
    sling:resourceType="cq/workflow/components/model"
    description="No Description"
    title="PostDORToDAM">
    <metaData
        cq:generatingPage="/conf/global/settings/workflow/models/postdortodam/jcr:content"
        cq:lastModified="{Long}1524517075996"
        cq:lastModifiedBy="admin"
        jcr:primaryType="nt:unstructured"/>
    <nodes jcr:primaryType="nt:unstructured">
        <node0
            jcr:primaryType="cq:WorkflowNode"
            title="Start"
            type="START">
            <metaData jcr:primaryType="nt:unstructured"/>
        </node0>
        <node1
            jcr:primaryType="cq:WorkflowNode"
            description="This step creates a file name based on the values entered in the adaptive form name and department fields."
            title="Create Unique File Name"
            type="PROCESS">
            <metaData
                jcr:primaryType="nt:unstructured"
                PROCESS="com.aemforms.setvalue.core.CreateUniqueFileName"
                PROCESS_ARGS="/afData/afUnboundData/data/submitterName,/afData/afUnboundData/data/department"
                PROCESS_AUTO_ADVANCE="true"/>
        </node1>
        <node2
            jcr:primaryType="cq:WorkflowNode"
            description="Invoke a Form Data Model Service to fetch or post data to a data source."
            title="Store DOR in DAM"
            type="PROCESS">
            <metaData
                jcr:primaryType="nt:unstructured"
                binaryabspath="[,,]"
                binarypathcombined="[FOLDER_PAYLOAD:DOR.pdf,FOLDER_PAYLOAD:filename,FOLDER_PAYLOAD:XML]"
                FDM_PATH="/content/dam/formsanddocuments-fdm/postdortodam"
                inputjsonmode="FOLDER_PAYLOAD"
                inputkey="[file,fileName,format]"
                inputoption="[literal,wfmetadata,literal]"
                inputvalue="[DOR.pdf,filename,XML]"
                isarray="[false,false,false]"
                isbinary="[true,false,false]"
                isjsoninput="MANUAL"
                isjsonoutput="MANUAL"
                isrequired="[true,true,true]"
                mapinputfieldshidden="false"
                mode="[FOLDER_PAYLOAD,FOLDER_PAYLOAD,FOLDER_PAYLOAD]"
                OPERATION="POST /content/dam.createasset.json_15165755926070"
                OPERATION_TYPE="true"
                outputjsonmode="FOLDER_PAYLOAD"
                outputkey="name"
                outputvalue="name"
                PROCESS="com.adobe.fd.workflow.fdm.step.FDMOperationStep"
                PROCESS_AUTO_ADVANCE="true"
                SUBTYPE="forms:fdmoperation"
                WORK_ITEM_TYPE="FDM_OPERATION_STEP"/>
        </node2>
        <node3
            jcr:primaryType="cq:WorkflowNode"
            title="End"
            type="END">
            <metaData jcr:primaryType="nt:unstructured"/>
        </node3>
    </nodes>
    <transitions jcr:primaryType="nt:unstructured">
        <node0_x0023_node1
            jcr:primaryType="cq:WorkflowTransition"
            from="node0"
            rule=""
            to="node1">
            <metaData jcr:primaryType="nt:unstructured"/>
        </node0_x0023_node1>
        <node1_x0023_node2
            jcr:primaryType="cq:WorkflowTransition"
            from="node1"
            rule=""
            to="node2">
            <metaData jcr:primaryType="nt:unstructured"/>
        </node1_x0023_node2>
        <node2_x0023_node3
            jcr:primaryType="cq:WorkflowTransition"
            from="node2"
            to="node3">
            <metaData jcr:primaryType="nt:unstructured"/>
        </node2_x0023_node3>
    </transitions>
</jcr:root>
