<?xml version="1.0" encoding="UTF-8"?>
<jcr:root xmlns:sling="http://sling.apache.org/jcr/sling/1.0" xmlns:cq="http://www.day.com/jcr/cq/1.0" xmlns:jcr="http://www.jcp.org/jcr/1.0" xmlns:nt="http://www.jcp.org/jcr/nt/1.0"
    jcr:isCheckedOut="{Boolean}false"
    jcr:primaryType="cq:WorkflowModel"
    jcr:uuid="e9f48b72-5b0e-4e6c-8ee6-c12bc2293c94"
    sling:resourceType="cq/workflow/components/model"
    description="No Description"
    title="LoanApplication2">
    <variables jcr:primaryType="nt:unstructured">
        <creditscore
            jcr:primaryType="nt:unstructured"
            name="creditscore"
            type="java.lang.Double"/>
        <submittedJSON
            jcr:primaryType="nt:unstructured"
            additionalProperties="\{&quot;jsonSchemaRef&quot;:&quot;/content/dam/formsanddocuments/mortgageapplicant.schema.json&quot;}"
            name="submittedJSON"
            type="com.google.gson.JsonObject"/>
        <ssn
            jcr:primaryType="nt:unstructured"
            name="ssn"
            type="java.lang.String"/>
    </variables>
    <metaData
        cq:generatingPage="/conf/global/settings/workflow/models/LoanApplication2/jcr:content"
        cq:lastModified="{Long}1563475725093"
        cq:lastModifiedBy="admin"
        jcr:primaryType="nt:unstructured"/>
    <nodes jcr:primaryType="nt:unstructured">
        <node0
            jcr:primaryType="cq:WorkflowNode"
            title="Start"
            type="START">
            <metaData jcr:primaryType="nt:unstructured"/>
        </node0>
        <node1
            jcr:primaryType="cq:WorkflowNode"
            description="Set value of variables"
            title="Set Variable"
            type="PROCESS">
            <metaData
                jcr:primaryType="nt:unstructured"
                PROCESS="com.adobe.granite.workflow.core.process.SetVariableProcess"
                PROCESS_AUTO_ADVANCE="true"
                variableMappings="[{&quot;variableName&quot;:&quot;submittedJSON&quot;\,&quot;mappingType&quot;:&quot;RELATIVE_TO_PAYLOAD&quot;\,&quot;mappingValue&quot;:&quot;Data.json&quot;},{&quot;variableName&quot;:&quot;ssn&quot;\,&quot;mappingType&quot;:&quot;JSON_DOT_NOTATION&quot;\,&quot;mappingValue&quot;:&quot;submittedJSON:address.ssn&quot;}]"/>
        </node1>
        <node2
            jcr:primaryType="cq:WorkflowNode"
            description="Invoke a Form Data Model Service to fetch or post data to a data source."
            title="Invoke Form Data Model Service"
            type="PROCESS">
            <metaData
                jcr:primaryType="nt:unstructured"
                FDM_PATH="/content/dam/formsanddocuments-fdm/getcreditscore"
                inputjsonmode="FOLDER_PAYLOAD"
                inputkey="ssn"
                inputoption="VARIABLE"
                inputvalue="ssn"
                inputvariablevalue="ssn"
                isarray="false"
                isbinary="false"
                isjsoninput="MANUAL"
                isjsonoutput="MANUAL"
                isrequired="true"
                mapinputfieldshidden="false"
                OPERATION="GET /getCreditScore/{ssn}_15163867485480"
                OPERATION_TYPE="false"
                outputjsonmode="FOLDER_PAYLOAD"
                outputoption="VARIABLE"
                outputvalue="creditScore"
                outputvariablekey="creditscore"
                PROCESS="com.adobe.fd.workflow.fdm.step.FDMOperationStep"
                PROCESS_AUTO_ADVANCE="true"
                SUBTYPE="forms:fdmoperation"
                WORK_ITEM_TYPE="FDM_OPERATION_STEP"/>
        </node2>
        <node3
            jcr:primaryType="cq:WorkflowNode"
            title="OR_SPLIT"
            type="OR_SPLIT">
            <metaData jcr:primaryType="nt:unstructured"/>
        </node3>
        <node4
            jcr:primaryType="cq:WorkflowNode"
            title="OR_JOIN"
            type="OR_JOIN">
            <metaData jcr:primaryType="nt:unstructured"/>
        </node4>
        <node5
            jcr:primaryType="cq:WorkflowNode"
            description="Applicants Credit Score is more than 500"
            title="Good Credit Score"
            type="PROCESS">
            <metaData
                jcr:primaryType="nt:unstructured"
                AF_PATH="/content/dam/formsanddocuments/mortgageapplication"
                DELEGATE_TO="assignee"
                DUEDATE_UNIT="OFF"
                DUEDATE_VALUE="[,]"
                DYNAMIC_ASSIGNEE="[/apps/fd/dashboard/scripts/participantChooser/DynamicAssigneeManager2.ecma,/apps/fd/dashboard/scripts/participantChooser/DynamicAssigneeManager2.ecma]"
                FORM_TYPE="READ_ONLY_AF"
                INPUT_DATAXML="Data.xml"
                IS_COMMENT_ALLOWED="true"
                IS_NEXT_STEP_DATA_ALLOWED="true"
                IS_PREVIOUS_STEP_DATA_ALLOWED="true"
                PROCESS="com.adobe.fd.workspace.step.service.AssignFormStep"
                PROCESS_AUTO_ADVANCE="false"
                PROCESS_PARTICIPANT_TYPE="static"
                SHOW_ACTION="true"
                SHOW_ASSIGNEE="true"
                SHOW_COMMENT="true"
                SHOW_DOCUMENT_OF_COMPLETED_TASK="true"
                SHOW_RESET="true"
                SHOW_SAVE="true"
                SHOW_SUBMIT="true"
                STATIC_ASSIGNEE="admin"
                SUBTYPE="forms:assigntask"
                TASK_PRIORITY="MEDIUM"
                TIMEOUT_HANDLER="[,]"
                USER_METADATA_RESOURCE="[,]"
                WORK_ITEM_TYPE="AF_ASSIGN_STEP"
                workflowStage="[,]"/>
        </node5>
        <node6
            jcr:primaryType="cq:WorkflowNode"
            description="Not an Ideal credit score(less than 500)"
            title="Bad Credit Score"
            type="PROCESS">
            <metaData
                jcr:primaryType="nt:unstructured"
                AF_PATH="/content/dam/formsanddocuments/mortgageapplication"
                DELEGATE_TO="assignee"
                DUEDATE_UNIT="OFF"
                DUEDATE_VALUE="[,]"
                DYNAMIC_ASSIGNEE="[/apps/fd/dashboard/scripts/participantChooser/DynamicAssigneeManager2.ecma,/apps/fd/dashboard/scripts/participantChooser/DynamicAssigneeManager2.ecma]"
                FORM_TYPE="READ_ONLY_AF"
                HISTORY_DOR="READONLY_AF"
                INPUT_DATAXML="Data.xml"
                IS_COMMENT_ALLOWED="true"
                IS_NEXT_STEP_DATA_ALLOWED="true"
                IS_PREVIOUS_STEP_DATA_ALLOWED="true"
                PROCESS="com.adobe.fd.workspace.step.service.AssignFormStep"
                PROCESS_AUTO_ADVANCE="false"
                PROCESS_PARTICIPANT_TYPE="static"
                SHOW_ACTION="true"
                SHOW_ASSIGNEE="true"
                SHOW_COMMENT="true"
                SHOW_DOCUMENT_OF_COMPLETED_TASK="true"
                SHOW_RESET="true"
                SHOW_SAVE="true"
                SHOW_SUBMIT="true"
                STATIC_ASSIGNEE="cavery"
                SUBTYPE="forms:assigntask"
                TASK_PRIORITY="MEDIUM"
                TIMEOUT_HANDLER="[,]"
                USER_METADATA_RESOURCE="[,]"
                WORK_ITEM_TYPE="AF_ASSIGN_STEP"
                workflowStage="[,]"/>
        </node6>
        <node7
            jcr:primaryType="cq:WorkflowNode"
            title="End"
            type="END">
            <metaData jcr:primaryType="nt:unstructured"/>
        </node7>
    </nodes>
    <transitions jcr:primaryType="nt:unstructured">
        <node0_x0023_node1
            jcr:primaryType="cq:WorkflowTransition"
            from="node0"
            rule=""
            to="node1">
            <metaData jcr:primaryType="nt:unstructured"/>
        </node0_x0023_node1>
        <node1_x0023_node2
            jcr:primaryType="cq:WorkflowTransition"
            from="node1"
            rule=""
            to="node2">
            <metaData jcr:primaryType="nt:unstructured"/>
        </node1_x0023_node2>
        <node2_x0023_node3
            jcr:primaryType="cq:WorkflowTransition"
            from="node2"
            to="node3">
            <metaData jcr:primaryType="nt:unstructured"/>
        </node2_x0023_node3>
        <node3_x0023_node5
            jcr:primaryType="cq:WorkflowTransition"
            from="node3"
            rule="\{&quot;nodeName&quot;:&quot;ROOT&quot;,&quot;items&quot;:[{&quot;nodeName&quot;:&quot;STATEMENT&quot;,&quot;choice&quot;:{&quot;nodeName&quot;:&quot;CONDITION&quot;,&quot;choice&quot;:{&quot;nodeName&quot;:&quot;COMPARISON_EXPRESSION&quot;,&quot;items&quot;:[{&quot;nodeName&quot;:&quot;EXPRESSION&quot;,&quot;choice&quot;:{&quot;nodeName&quot;:&quot;COMPONENT&quot;,&quot;value&quot;:{&quot;id&quot;:&quot;creditscore&quot;,&quot;displayName&quot;:&quot;creditscore&quot;,&quot;type&quot;:&quot;NUMBER&quot;,&quot;displayPath&quot;:&quot;workflow_variables/creditscore/&quot;,&quot;name&quot;:&quot;creditscore&quot;,&quot;parent&quot;:&quot;workflow_variables&quot;}}},{&quot;nodeName&quot;:&quot;OPERATOR&quot;,&quot;choice&quot;:{&quot;nodeName&quot;:&quot;GREATER_THAN&quot;,&quot;value&quot;:null}},{&quot;nodeName&quot;:&quot;EXPRESSION&quot;,&quot;choice&quot;:{&quot;nodeName&quot;:&quot;NUMERIC_LITERAL&quot;,&quot;value&quot;:&quot;600&quot;}}]},&quot;nested&quot;:false}}],&quot;isValid&quot;:true,&quot;enabled&quot;:true,&quot;version&quot;:1}"
            to="node5">
            <metaData
                jcr:primaryType="nt:unstructured"
                isDefault="false"/>
        </node3_x0023_node5>
        <node5_x0023_node4
            jcr:primaryType="cq:WorkflowTransition"
            from="node5"
            to="node4">
            <metaData jcr:primaryType="nt:unstructured"/>
        </node5_x0023_node4>
        <node3_x0023_node6
            jcr:primaryType="cq:WorkflowTransition"
            from="node3"
            rule="\{&quot;nodeName&quot;:&quot;ROOT&quot;,&quot;items&quot;:[{&quot;nodeName&quot;:&quot;STATEMENT&quot;,&quot;choice&quot;:{&quot;nodeName&quot;:&quot;CONDITION&quot;,&quot;choice&quot;:{&quot;nodeName&quot;:&quot;COMPARISON_EXPRESSION&quot;,&quot;items&quot;:[{&quot;nodeName&quot;:&quot;EXPRESSION&quot;,&quot;choice&quot;:{&quot;nodeName&quot;:&quot;COMPONENT&quot;,&quot;value&quot;:{&quot;id&quot;:&quot;creditscore&quot;,&quot;displayName&quot;:&quot;creditscore&quot;,&quot;type&quot;:&quot;NUMBER&quot;,&quot;displayPath&quot;:&quot;workflow_variables/creditscore/&quot;,&quot;name&quot;:&quot;creditscore&quot;,&quot;parent&quot;:&quot;workflow_variables&quot;}}},{&quot;nodeName&quot;:&quot;OPERATOR&quot;,&quot;choice&quot;:{&quot;nodeName&quot;:&quot;LESS_THAN&quot;,&quot;value&quot;:null}},{&quot;nodeName&quot;:&quot;EXPRESSION&quot;,&quot;choice&quot;:{&quot;nodeName&quot;:&quot;NUMERIC_LITERAL&quot;,&quot;value&quot;:&quot;600&quot;}}]},&quot;nested&quot;:false}}],&quot;isValid&quot;:true,&quot;enabled&quot;:true,&quot;version&quot;:1}"
            to="node6">
            <metaData
                jcr:primaryType="nt:unstructured"
                isDefault="false"/>
        </node3_x0023_node6>
        <node6_x0023_node4
            jcr:primaryType="cq:WorkflowTransition"
            from="node6"
            to="node4">
            <metaData jcr:primaryType="nt:unstructured"/>
        </node6_x0023_node4>
        <node4_x0023_node7
            jcr:primaryType="cq:WorkflowTransition"
            from="node4"
            to="node7">
            <metaData jcr:primaryType="nt:unstructured"/>
        </node4_x0023_node7>
    </transitions>
</jcr:root>
