<?xml version="1.0" encoding="UTF-8"?>
<jcr:root xmlns:sling="http://sling.apache.org/jcr/sling/1.0" xmlns:fdm="http://www.adobe.com/aemfd/fdm/1.0" xmlns:jcr="http://www.jcp.org/jcr/1.0" xmlns:nt="http://www.jcp.org/jcr/nt/1.0"
    jcr:primaryType="sling:Folder">
    <jcr:content
        jcr:primaryType="nt:unstructured"
        name="getloanperiods"
        rendition.handler.id="fdm.structure"
        title="GetLoanPeriods">
        <definitions jcr:primaryType="nt:unstructured">
            <loanterms
                fdm:binaryEntity="{Boolean}false"
                fdm:bindRef="loanterms"
                fdm:defaultBinaryEntity="{Boolean}false"
                fdm:genericOperationAllowed="{Boolean}false"
                fdm:rootEntity="{Boolean}true"
                fdm:schemaName="DEFAULT_SCHEMA"
                fdm:source="source1"
                jcr:primaryType="nt:unstructured"
                id="loanterms"
                name="loanterms">
                <links jcr:primaryType="nt:unstructured"/>
                <properties jcr:primaryType="nt:unstructured">
                    <LoanTerm
                        fdm:bindRef="LoanTerm"
                        fdm:computed="{Boolean}false"
                        fdm:nullable="{Boolean}true"
                        fdm:primaryKey="{Boolean}false"
                        fdm:protected="{Boolean}false"
                        fdm:required="{Boolean}false"
                        jcr:primaryType="nt:unstructured"
                        name="LoanTerm"
                        type="array">
                        <items
                            jcr:primaryType="nt:unstructured"
                            _x0024_ref="TimePeriod"
                            type="object"/>
                    </LoanTerm>
                </properties>
            </loanterms>
            <TimePeriod
                fdm:binaryEntity="{Boolean}false"
                fdm:bindRef="TimePeriod"
                fdm:defaultBinaryEntity="{Boolean}false"
                fdm:genericOperationAllowed="{Boolean}false"
                fdm:rootEntity="{Boolean}false"
                fdm:schemaName="DEFAULT_SCHEMA"
                fdm:source="source1"
                jcr:primaryType="nt:unstructured"
                id="TimePeriod"
                name="TimePeriod">
                <links jcr:primaryType="nt:unstructured"/>
                <properties jcr:primaryType="nt:unstructured">
                    <years
                        fdm:bindRef="years"
                        fdm:computed="{Boolean}false"
                        fdm:nullable="{Boolean}true"
                        fdm:primaryKey="{Boolean}false"
                        fdm:protected="{Boolean}false"
                        fdm:required="{Boolean}false"
                        jcr:primaryType="nt:unstructured"
                        name="years"
                        type="number"/>
                </properties>
            </TimePeriod>
        </definitions>
        <links jcr:primaryType="nt:unstructured">
            <get_getloanperiods
                fdm:source="source1"
                jcr:primaryType="nt:unstructured"
                description="Get Loan Period"
                genericOperation="{Boolean}false"
                href="localhost:8080/SampleRest/webapi"
                id="GET /getLoanPeriods"
                method="GET"
                name="GET /getLoanPeriods">
                <fdm:data jcr:primaryType="nt:unstructured"/>
                <schema
                    fdm:bindRef="schema"
                    fdm:computed="{Boolean}false"
                    fdm:nullable="{Boolean}true"
                    fdm:primaryKey="{Boolean}false"
                    fdm:protected="{Boolean}false"
                    fdm:required="{Boolean}false"
                    jcr:primaryType="nt:unstructured"
                    description="operation input description"
                    name="schema"
                    type="object">
                    <properties jcr:primaryType="nt:unstructured"/>
                </schema>
                <targetSchema
                    fdm:bindRef="loanterms"
                    fdm:computed="{Boolean}false"
                    fdm:nullable="{Boolean}true"
                    fdm:primaryKey="{Boolean}false"
                    fdm:protected="{Boolean}false"
                    fdm:required="{Boolean}false"
                    jcr:primaryType="nt:unstructured"
                    _x0024_ref="loanterms"
                    name="loanterms"
                    type="object"/>
            </get_getloanperiods>
        </links>
        <properties jcr:primaryType="nt:unstructured">
            <loanterms
                fdm:computed="{Boolean}false"
                fdm:nullable="{Boolean}true"
                fdm:protected="{Boolean}false"
                fdm:required="{Boolean}false"
                jcr:primaryType="nt:unstructured"
                _x0024_ref="loanterms"
                name="loanterms"/>
        </properties>
    </jcr:content>
</jcr:root>
