<?xml version="1.0" encoding="UTF-8"?>
<jcr:root xmlns:sling="http://sling.apache.org/jcr/sling/1.0" xmlns:granite="http://www.adobe.com/jcr/granite/1.0" xmlns:cq="http://www.day.com/jcr/cq/1.0" xmlns:jcr="http://www.jcp.org/jcr/1.0" xmlns:nt="http://www.jcp.org/jcr/nt/1.0"
    jcr:primaryType="nt:unstructured"
    jcr:title="Image"
    sling:resourceType="cq/gui/components/authoring/dialog"
    extraClientlibs="[core.wcm.components.image.v1.editor]"
    helpPath="https://www.adobe.com/go/aem_cmp_image_v1">
    <content
        jcr:primaryType="nt:unstructured"
        sling:resourceType="granite/ui/components/coral/foundation/container">
        <items jcr:primaryType="nt:unstructured">
            <tabs
                jcr:primaryType="nt:unstructured"
                sling:resourceType="granite/ui/components/coral/foundation/tabs"
                maximized="{Boolean}true">
                <items jcr:primaryType="nt:unstructured">
                    <features
                        jcr:primaryType="nt:unstructured"
                        jcr:title="Features"
                        sling:resourceType="granite/ui/components/coral/foundation/fixedcolumns"
                        margin="{Boolean}true">
                        <items jcr:primaryType="nt:unstructured">
                            <content
                                jcr:primaryType="nt:unstructured"
                                sling:resourceType="granite/ui/components/coral/foundation/container"
                                margin="{Boolean}false">
                                <items jcr:primaryType="nt:unstructured">
                                    <accordion
                                        granite:class="js-cq-IPEPlugin-container"
                                        jcr:primaryType="nt:unstructured"
                                        sling:resourceType="granite/ui/components/coral/foundation/accordion"
                                        variant="quiet">
                                        <items jcr:primaryType="nt:unstructured">
                                            <insights
                                                jcr:primaryType="nt:unstructured"
                                                jcr:title="Asset Insights"
                                                sling:resourceType="granite/ui/components/coral/foundation/container"
                                                maximized="{Boolean}true">
                                                <items jcr:primaryType="nt:unstructured">
                                                    <enableAssetInsights
                                                        jcr:primaryType="nt:unstructured"
                                                        sling:resourceType="granite/ui/components/coral/foundation/form/checkbox"
                                                        name="./enableAssetInsights"
                                                        text="Enable Analytic Tracking for Asset Insights"
                                                        value="{Boolean}true"/>
                                                </items>
                                            </insights>
                                        </items>
                                    </accordion>
                                </items>
                            </content>
                        </items>
                    </features>
                </items>
            </tabs>
        </items>
    </content>
</jcr:root>
