<?xml version="1.0" encoding="UTF-8"?>
<jcr:root xmlns:sling="http://sling.apache.org/jcr/sling/1.0" xmlns:cq="http://www.day.com/jcr/cq/1.0" xmlns:jcr="http://www.jcp.org/jcr/1.0" xmlns:nt="http://www.jcp.org/jcr/nt/1.0"
    jcr:isCheckedOut="{Boolean}false"
    jcr:primaryType="cq:WorkflowModel"
    jcr:uuid="1489b278-201c-4543-8007-a6db348f4f07"
    sling:resourceType="cq/workflow/components/model"
    description="No Description"
    title="ReviewWorkflow">
    <variables jcr:primaryType="nt:unstructured">
        <income
            jcr:primaryType="nt:unstructured"
            name="income"
            type="java.lang.Double"/>
        <isMarried
            jcr:primaryType="nt:unstructured"
            name="isMarried"
            type="java.lang.Boolean"/>
        <submittedData
            jcr:primaryType="nt:unstructured"
            description="Variable to hold submitted data"
            name="submittedData"
            type="org.w3c.dom.Document"/>
    </variables>
    <metaData
        cq:generatingPage="/conf/global/settings/workflow/models/reviewworkflow/jcr:content"
        cq:lastModified="{Long}1594767360196"
        cq:lastModifiedBy="admin"
        jcr:primaryType="nt:unstructured"/>
    <nodes jcr:primaryType="nt:unstructured">
        <node0
            jcr:primaryType="cq:WorkflowNode"
            title="Start"
            type="START">
            <metaData jcr:primaryType="nt:unstructured"/>
        </node0>
        <node1
            jcr:primaryType="cq:WorkflowNode"
            description="Set value of variables"
            title="Set Variable"
            type="PROCESS">
            <metaData
                jcr:primaryType="nt:unstructured"
                PROCESS="com.adobe.granite.workflow.core.process.SetVariableProcess"
                PROCESS_AUTO_ADVANCE="true"
                variableMappings="[{&quot;variableName&quot;:&quot;submittedData&quot;\,&quot;mappingType&quot;:&quot;RELATIVE_TO_PAYLOAD&quot;\,&quot;mappingValue&quot;:&quot;Data.xml&quot;},{&quot;variableName&quot;:&quot;isMarried&quot;\,&quot;mappingType&quot;:&quot;XPATH&quot;\,&quot;mappingValue&quot;:&quot;submittedData:/afData/afUnboundData/data/maritalStatus&quot;},{&quot;variableName&quot;:&quot;income&quot;\,&quot;mappingType&quot;:&quot;XPATH&quot;\,&quot;mappingValue&quot;:&quot;submittedData:/afData/afUnboundData/data/income&quot;}]"/>
        </node1>
        <node2
            jcr:primaryType="cq:WorkflowNode"
            description="Create and assign a task based on an adaptive form, non-interactive PDF, or interactive communication"
            title="Assign Task"
            type="PROCESS">
            <metaData
                jcr:primaryType="nt:unstructured"
                ALLOW_OUT_OF_OFFICE="false"
                allowExplicitSharing="false"
                allowInboxSharing="false"
                DELEGATE_TO="workflow-users"
                DUEDATE_UNIT="OFF"
                DUEDATE_VALUE="[,]"
                DYNAMIC_ASSIGNEE="[,]"
                FORM_CHOOSER_SERVICE="com.adobe.fd.workflow.api.fdinternal.PayloadFormChooser"
                FORM_RESOLUTION="SERVICE"
                FORM_TYPE="AF"
                HISTORY_DOR="READONLY_AF"
                HTML_EMAIL_TEMPLATE_LOCATION="/libs/fd/dashboard/templates/email/htmlEmailTemplate.txt"
                icDataSourceType="PROVIDEDATADOCUMENT"
                INPUT_COMBINED_DATAXML="VARIABLE:submittedData"
                IS_ATTACHMENT_ALLOWED="true"
                IS_COMMENT_ALLOWED="true"
                IS_NEXT_STEP_DATA_ALLOWED="true"
                IS_PREVIOUS_STEP_DATA_ALLOWED="true"
                PARTICIPANT="workflow-users"
                PROCESS="com.adobe.fd.workspace.step.service.AssignFormStep"
                PROCESS_AUTO_ADVANCE="false"
                PROCESS_PARTICIPANT_TYPE="static"
                PROVIDE_METADATA="true"
                ROUTE_PROPERTYNAME="actionTaken"
                ROUTES="\{&quot;Route_Label&quot;:&quot;Send for Signature&quot;,&quot;Route_Icon_Name&quot;:&quot;sendForSignature&quot;}"
                SHOW_ACTION="true"
                SHOW_ASSIGNEE="true"
                SHOW_COMMENT="true"
                SHOW_DOCUMENT_OF_COMPLETED_TASK="true"
                SHOW_PRE_STEP_COMMENT_ATTACHMENT="true"
                SHOW_RESET="true"
                SHOW_SAVE="true"
                SHOW_SUBMIT="true"
                STATIC_ASSIGNEE="admin"
                SUBTYPE="forms:assigntask"
                TASK_PRIORITY="MEDIUM"
                TIMEOUT_HANDLER="[,]"
                USER_METADATA_RESOURCE="[,]"
                WORK_ITEM_TYPE="AF_ASSIGN_STEP"
                workflowStage="[,]"/>
        </node2>
        <node3
            jcr:primaryType="cq:WorkflowNode"
            title="End"
            type="END">
            <metaData jcr:primaryType="nt:unstructured"/>
        </node3>
    </nodes>
    <transitions jcr:primaryType="nt:unstructured">
        <node0_x0023_node1
            jcr:primaryType="cq:WorkflowTransition"
            from="node0"
            rule=""
            to="node1">
            <metaData jcr:primaryType="nt:unstructured"/>
        </node0_x0023_node1>
        <node1_x0023_node2
            jcr:primaryType="cq:WorkflowTransition"
            from="node1"
            rule=""
            to="node2">
            <metaData jcr:primaryType="nt:unstructured"/>
        </node1_x0023_node2>
        <node2_x0023_node3
            jcr:primaryType="cq:WorkflowTransition"
            from="node2"
            to="node3">
            <metaData jcr:primaryType="nt:unstructured"/>
        </node2_x0023_node3>
    </transitions>
</jcr:root>
