<?xml version="1.0" encoding="UTF-8"?>
<jcr:root xmlns:dc="http://purl.org/dc/elements/1.1/" xmlns:sling="http://sling.apache.org/jcr/sling/1.0" xmlns:dam="http://www.day.com/dam/1.0" xmlns:cq="http://www.day.com/jcr/cq/1.0" xmlns:jcr="http://www.jcp.org/jcr/1.0" xmlns:mix="http://www.jcp.org/jcr/mix/1.0" xmlns:nt="http://www.jcp.org/jcr/nt/1.0"
    jcr:isCheckedOut="{Boolean}true"
    jcr:mixinTypes="[mix:referenceable,mix:versionable]"
    jcr:primaryType="dam:Asset"
    jcr:uuid="4e730c5a-b02b-4073-b9e6-e4c94f8f9aad">
    <jcr:content
        cq:name="ultimate-guide-to-la-skateparks"
        cq:parentPath="/content/dam/wknd/en/los-angeles"
        cq:versionCreator="admin"
        dam:assetState="processed"
        dam:relativePath="wknd/en/los-angeles/ultimate-guide-to-la-skateparks"
        jcr:description="The article body for the Ultimate Guide to LA Skateparks"
        jcr:lastModified="{Date}2018-11-15T15:18:18.947-05:00"
        jcr:lastModifiedBy="admin"
        jcr:primaryType="dam:AssetContent"
        jcr:title="Ultimate Guide to LA Skateparks"
        contentFragment="{Boolean}true"
        lastFragmentSave="{Date}2018-11-13T11:40:16.156-05:00">
        <associated
            jcr:primaryType="nt:unstructured"
            sling:resourceType="sling/collection">
            <sling:members jcr:primaryType="nt:unstructured"/>
        </associated>
        <metadata
            dam:extracted="{Date}2018-11-15T15:18:17.665-05:00"
            dam:sha1="ef2b15ec8758aff3d5fbff0dc26e1aad0831f9cf"
            dam:size="{Long}3364"
            dc:format="text/html"
            dc:modified="{Date}2017-06-13T14:28:03.403-04:00"
            jcr:lastModified="{Date}2018-11-15T15:18:18.947-05:00"
            jcr:lastModifiedBy="admin"
            jcr:mixinTypes="[cq:Taggable]"
            jcr:primaryType="nt:unstructured"/>
        <model
            jcr:description="A simple fragment, containing one single element and no predefined variations"
            jcr:primaryType="nt:unstructured"
            jcr:title="Simple Fragment"
            precreateElements="{Boolean}true"
            version="{Long}2">
            <elements jcr:primaryType="nt:unstructured">
                <main
                    jcr:primaryType="nt:unstructured"
                    jcr:title="Main"
                    defaultContent=""
                    name="main"/>
            </elements>
        </model>
        <related jcr:primaryType="nt:unstructured"/>
        <usages
            dam:score="{Long}6"
            jcr:primaryType="nt:unstructured"
            usedBy="[aem]">
            <aem
                jcr:primaryType="nt:unstructured"
                count="{Long}6"
                lastUsed="{Date}2017-06-12T15:50:08.434-04:00"/>
        </usages>
    </jcr:content>
</jcr:root>
