[{
	"member_1563743787488": {
		"user": {
			"name": "John Jacobs",
			"address": "901 Rocky Road",
			"city": "Pasadena",
			"state": "CA",
			"zip": "90210",
			"beneficiaries": [{
				"name": "Ricky Ponting",
				"relation": "Spouse",
				"percentage": "100"
			},{"name":"Tim Paine","relation":"Child","percentage":"90"}]
		}
	}
}, {
	"member_1563743787488": {
		"user": {
			"name": "Conrad Simms",
			"address": "901 Rocky Road",
			"city": "Pasadena",
			"state": "CA",
			"zip": "90210",
			"beneficiaries": [{
				"name": "Steve Smith",
				"relation": "Spouse",
				"percentage": "90"
			}
			
				]
		}
	}
}, {
	"member_1563743787488": {
		"user": {
			"name": "Peter Cummings",
			"address": "901 Rocky Road",
			"city": "Pasadena",
			"state": "CA",
			"zip": "90210",
			"beneficiaries": [{
				"name": "Gloria Rios",
				"relation": "Spouse",
				"percentage": "100"
			}]
		}
	}
}]