<?xml version="1.0" encoding="UTF-8"?>
<jcr:root xmlns:sling="http://sling.apache.org/jcr/sling/1.0" xmlns:cq="http://www.day.com/jcr/cq/1.0" xmlns:jcr="http://www.jcp.org/jcr/1.0" xmlns:nt="http://www.jcp.org/jcr/nt/1.0"
    jcr:primaryType="cq:Page">
    <chapter-10/>
    <jcr:content
        cq:template="/conf/simple/settings/wcm/templates/simple-page-template"
        jcr:primaryType="cq:PageContent"
        jcr:title="L4080"
        sling:resourceType="simple/components/page/base-page">
        <root
            jcr:primaryType="nt:unstructured"
            sling:resourceType="wcm/foundation/components/responsivegrid">
            <responsivegrid
                jcr:primaryType="nt:unstructured"
                sling:resourceType="wcm/foundation/components/responsivegrid">
                <cq:responsive jcr:primaryType="nt:unstructured"/>
                <text
                    jcr:primaryType="nt:unstructured"
                    sling:resourceType="foundation/components/text"
                    textIsRich="true"/>
            </responsivegrid>
        </root>
    </jcr:content>
    <chapter-0/>
    <chapter-1/>
    <chapter-2/>
    <chapter-3/>
    <chapter-4/>
    <chapter-5/>
    <chapter-6/>
    <chapter-7/>
    <chapter-8/>
    
</jcr:root>
