{
  "swagger": "2.0",
  "info": {
    "version": "1.0.0",
    "title": "Simple API",
    "description": "Learning Swagger"
  },
  "host": "mc.adobe.io",
  "basePath": "/acpm05.campaign-demo.adobe.com",
  "schemes": [
    "https"
  ],
  "paths": {
    "/campaign/profileAndServices/profile/byEmail": {
      "get": {
        "summary": "Fetch ACS Profile",
        "produces": [
          "application/json"
        ],
        "consumes": [
          "appliacation/json"
        ],
        "operationId": "fetch Profile",
        "parameters": [
          {
            "in": "query",
            "name": "email",
            "description": "Email Id of the profile",
            "type":"string"
          }
        ],
        "responses": {
          "200": {
            "description": "Successfull Response",
            "schema": {
              "$ref": "#/definitions/returnvalue"
            }
          }
        }
      }
    }
  },
  "definitions":
  {
  "address":{
		"type":"object",
		"properties":
		{
			"address1":
			{
				"type":"string"
			},
			"city":
			{
				"type":"string"
			},
			"countryCode":
			{
				"type":"string"
			},
			"stateCode":
			{
				"type":"string"
			},
			"zipCode":
			{
				"type":"string"
			}
		}
  },
    "profile":
		{
			"type":"object",
			"properties":
			{
				"firstName":
				{
					"type":"string"
				},
				"lastName":
				{
					"type":"string"
				},
				"gender":
				{
					"type":"string"
				},
				"mobilePhone":
				{
					"type":"string"
				},
				"location":
				{
					"$ref":"#/definitions/address"
				}
			}
        
    },
   "returnvalue":
		{
		"type":"object",
			"properties":
			{
				"content":
				{  
					"type": "array",
					"items":
					{
						"$ref": "#/definitions/profile"
					}
				}
  
			}
 
		}

  }
  }
