<?xml version="1.0" encoding="UTF-8"?>
<jcr:root xmlns:sling="http://sling.apache.org/jcr/sling/1.0" xmlns:cq="http://www.day.com/jcr/cq/1.0" xmlns:jcr="http://www.jcp.org/jcr/1.0" xmlns:nt="http://www.jcp.org/jcr/nt/1.0"
    jcr:isCheckedOut="{Boolean}false"
    jcr:primaryType="cq:WorkflowModel"
    jcr:uuid="0bfd4fe0-f417-4838-a31e-f54d1ca42555"
    sling:resourceType="cq/workflow/components/model"
    description="No Description"
    title="TimeOffRequestApproval">
    <metaData
        cq:generatingPage="/conf/global/settings/workflow/models/timeoffrequestapproval/jcr:content"
        cq:lastModified="{Long}1570554021542"
        cq:lastModifiedBy="admin"
        jcr:primaryType="nt:unstructured"/>
    <nodes jcr:primaryType="nt:unstructured">
        <node0
            jcr:primaryType="cq:WorkflowNode"
            title="Start"
            type="START">
            <metaData jcr:primaryType="nt:unstructured"/>
        </node0>
        <node1
            jcr:primaryType="cq:WorkflowNode"
            description="Sets the value of hidden field named initialstep to No. Adaptive Form has a business rule to disable panel and show Approver Panel based on this field's value."
            title="Set Initial Step Value"
            type="PROCESS">
            <metaData
                jcr:primaryType="nt:unstructured"
                PROCESS="com.aemforms.setvalue.core.SetValueinXml"
                PROCESS_ARGS="/afData/afUnboundData/data/initialstep,No"
                PROCESS_AUTO_ADVANCE="true"/>
        </node1>
        <node2
            jcr:primaryType="cq:WorkflowNode"
            description="Manager to review  time off request application"
            title="Manager Review"
            type="PROCESS">
            <metaData
                jcr:primaryType="nt:unstructured"
                AF_PATH="/content/dam/formsanddocuments/helpx/timeoffrequestform"
                DELEGATE_TO="assignee"
                DUEDATE_UNIT="OFF"
                DUEDATE_VALUE="[,]"
                DYNAMIC_ASSIGNEE="[com.aemforms.setvalue.core.GetManager,com.aemforms.setvalue.core.GetManager]"
                FORM_RESOLUTION="PATH"
                FORM_TYPE="AF"
                HISTORY_DOR="READONLY_AF"
                icDataSourceType="PROVIDEDATADOCUMENT"
                INPUT_COMBINED_DATAXML="FOLDER_PAYLOAD:Data.xml"
                IS_ATTACHMENT_ALLOWED="true"
                IS_COMMENT_ALLOWED="true"
                IS_NEXT_STEP_DATA_ALLOWED="true"
                IS_PREVIOUS_STEP_DATA_ALLOWED="true"
                PARTICIPANT="admin"
                PROCESS="com.adobe.fd.workspace.step.service.AssignFormStep"
                PROCESS_AUTO_ADVANCE="false"
                PROCESS_PARTICIPANT_TYPE="static"
                PROVIDE_METADATA="true"
                ROUTE_PROPERTYNAME="actionTaken"
                SHOW_ACTION="true"
                SHOW_ASSIGNEE="true"
                SHOW_COMMENT="true"
                SHOW_DOCUMENT_OF_COMPLETED_TASK="true"
                SHOW_PRE_STEP_COMMENT_ATTACHMENT="true"
                SHOW_RESET="true"
                SHOW_SAVE="true"
                SHOW_SUBMIT="true"
                STATIC_ASSIGNEE="admin"
                SUBTYPE="forms:assigntask"
                TASK_PRIORITY="MEDIUM"
                TIMEOUT_HANDLER="[,]"
                USER_METADATA_RESOURCE="[,]"
                WORK_ITEM_TYPE="AF_ASSIGN_STEP"
                workflowStage="[,]"/>
        </node2>
        <node3
            jcr:primaryType="cq:WorkflowNode"
            title="End"
            type="END">
            <metaData jcr:primaryType="nt:unstructured"/>
        </node3>
    </nodes>
    <transitions jcr:primaryType="nt:unstructured">
        <node0_x0023_node1
            jcr:primaryType="cq:WorkflowTransition"
            from="node0"
            rule=""
            to="node1">
            <metaData jcr:primaryType="nt:unstructured"/>
        </node0_x0023_node1>
        <node1_x0023_node2
            jcr:primaryType="cq:WorkflowTransition"
            from="node1"
            rule=""
            to="node2">
            <metaData jcr:primaryType="nt:unstructured"/>
        </node1_x0023_node2>
        <node2_x0023_node3
            jcr:primaryType="cq:WorkflowTransition"
            from="node2"
            to="node3">
            <metaData jcr:primaryType="nt:unstructured"/>
        </node2_x0023_node3>
    </transitions>
</jcr:root>
