<?xml version="1.0" encoding="UTF-8"?>
<jcr:root xmlns:sling="http://sling.apache.org/jcr/sling/1.0" xmlns:fdm="http://www.adobe.com/aemfd/fdm/1.0" xmlns:jcr="http://www.jcp.org/jcr/1.0" xmlns:nt="http://www.jcp.org/jcr/nt/1.0"
    jcr:primaryType="sling:Folder">
    <jcr:content
        jcr:primaryType="nt:unstructured"
        name="9957"
        rendition.handler.id="fdm.structure"
        title="9957">
        <definitions jcr:primaryType="nt:unstructured">
            <incidents
                fdm:binaryEntity="{Boolean}false"
                fdm:bindRef="incidents"
                fdm:defaultBinaryEntity="{Boolean}false"
                fdm:genericOperationAllowed="{Boolean}false"
                fdm:rootEntity="{Boolean}true"
                fdm:schemaName="DEFAULT_SCHEMA"
                fdm:source="source2"
                jcr:primaryType="nt:unstructured"
                id="incidents"
                name="incidents">
                <links jcr:primaryType="nt:unstructured"/>
                <properties jcr:primaryType="nt:unstructured">
                    <result
                        fdm:bindRef="result"
                        fdm:computed="{Boolean}false"
                        fdm:nullable="{Boolean}true"
                        fdm:primaryKey="{Boolean}false"
                        fdm:protected="{Boolean}false"
                        fdm:required="{Boolean}false"
                        jcr:primaryType="nt:unstructured"
                        name="result"
                        title="result"
                        type="array">
                        <items
                            jcr:primaryType="nt:unstructured"
                            _x0024_ref="incident"
                            type="object"/>
                    </result>
                </properties>
            </incidents>
            <incident
                fdm:binaryEntity="{Boolean}false"
                fdm:bindRef="incident"
                fdm:defaultBinaryEntity="{Boolean}false"
                fdm:genericOperationAllowed="{Boolean}false"
                fdm:rootEntity="{Boolean}false"
                fdm:schemaName="DEFAULT_SCHEMA"
                fdm:source="source2"
                jcr:primaryType="nt:unstructured"
                id="incident"
                name="incident">
                <links jcr:primaryType="nt:unstructured"/>
                <properties jcr:primaryType="nt:unstructured">
                    <number
                        fdm:bindRef="number"
                        fdm:computed="{Boolean}false"
                        fdm:nullable="{Boolean}true"
                        fdm:primaryKey="{Boolean}false"
                        fdm:protected="{Boolean}false"
                        fdm:required="{Boolean}false"
                        jcr:primaryType="nt:unstructured"
                        name="number"
                        title="number"
                        type="string"/>
                    <short_description
                        fdm:bindRef="short_description"
                        fdm:computed="{Boolean}false"
                        fdm:nullable="{Boolean}true"
                        fdm:primaryKey="{Boolean}false"
                        fdm:protected="{Boolean}false"
                        fdm:required="{Boolean}false"
                        jcr:primaryType="nt:unstructured"
                        name="short_description"
                        title="short_description"
                        type="string"/>
                    <comments
                        fdm:bindRef="comments"
                        fdm:computed="{Boolean}false"
                        fdm:nullable="{Boolean}true"
                        fdm:primaryKey="{Boolean}false"
                        fdm:protected="{Boolean}false"
                        fdm:required="{Boolean}false"
                        jcr:primaryType="nt:unstructured"
                        name="comments"
                        title="comments"
                        type="string"/>
                </properties>
            </incident>
            <ServiceNowRecord
                fdm:binaryEntity="{Boolean}false"
                fdm:bindRef="ServiceNowRecord"
                fdm:defaultBinaryEntity="{Boolean}false"
                fdm:genericOperationAllowed="{Boolean}false"
                fdm:rootEntity="{Boolean}false"
                fdm:schemaName="DEFAULT_SCHEMA"
                fdm:source="source1"
                jcr:primaryType="nt:unstructured"
                id="ServiceNowRecord"
                name="ServiceNowRecord">
                <links jcr:primaryType="nt:unstructured"/>
                <properties jcr:primaryType="nt:unstructured">
                    <short_description
                        fdm:bindRef="short_description"
                        fdm:computed="{Boolean}false"
                        fdm:nullable="{Boolean}true"
                        fdm:primaryKey="{Boolean}false"
                        fdm:protected="{Boolean}false"
                        fdm:required="{Boolean}false"
                        jcr:primaryType="nt:unstructured"
                        name="short_description"
                        title="short_description"
                        type="string"/>
                    <comments
                        fdm:bindRef="comments"
                        fdm:computed="{Boolean}false"
                        fdm:nullable="{Boolean}true"
                        fdm:primaryKey="{Boolean}false"
                        fdm:protected="{Boolean}false"
                        fdm:required="{Boolean}false"
                        jcr:primaryType="nt:unstructured"
                        name="comments"
                        title="comments"
                        type="string"/>
                </properties>
            </ServiceNowRecord>
            <servicenowresult
                fdm:binaryEntity="{Boolean}false"
                fdm:bindRef="servicenowresult"
                fdm:defaultBinaryEntity="{Boolean}false"
                fdm:genericOperationAllowed="{Boolean}false"
                fdm:rootEntity="{Boolean}true"
                fdm:schemaName="DEFAULT_SCHEMA"
                fdm:source="source1"
                jcr:primaryType="nt:unstructured"
                id="servicenowresult"
                name="servicenowresult">
                <links jcr:primaryType="nt:unstructured"/>
                <properties jcr:primaryType="nt:unstructured">
                    <result
                        fdm:bindRef="result"
                        fdm:computed="{Boolean}false"
                        fdm:nullable="{Boolean}true"
                        fdm:primaryKey="{Boolean}false"
                        fdm:protected="{Boolean}false"
                        fdm:required="{Boolean}false"
                        jcr:primaryType="nt:unstructured"
                        _x0024_ref="resultobject"
                        name="result"
                        title="result"
                        type="object"/>
                </properties>
            </servicenowresult>
            <resultobject
                fdm:binaryEntity="{Boolean}false"
                fdm:bindRef="resultobject"
                fdm:defaultBinaryEntity="{Boolean}false"
                fdm:genericOperationAllowed="{Boolean}false"
                fdm:rootEntity="{Boolean}false"
                fdm:schemaName="DEFAULT_SCHEMA"
                fdm:source="source1"
                jcr:primaryType="nt:unstructured"
                id="resultobject"
                name="resultobject">
                <links jcr:primaryType="nt:unstructured"/>
                <properties jcr:primaryType="nt:unstructured">
                    <number
                        fdm:bindRef="number"
                        fdm:computed="{Boolean}false"
                        fdm:nullable="{Boolean}true"
                        fdm:primaryKey="{Boolean}false"
                        fdm:protected="{Boolean}false"
                        fdm:required="{Boolean}false"
                        jcr:primaryType="nt:unstructured"
                        name="number"
                        title="number"
                        type="string"/>
                </properties>
            </resultobject>
        </definitions>
        <links jcr:primaryType="nt:unstructured">
            <get_incident
                fdm:source="source2"
                jcr:primaryType="nt:unstructured"
                description="Get all incidents"
                genericOperation="{Boolean}false"
                href="dev87628.service-now.com/api/now/table"
                id="GET /incident"
                method="GET"
                name="GET /incident">
                <fdm:data jcr:primaryType="nt:unstructured"/>
                <schema
                    fdm:bindRef="schema"
                    fdm:computed="{Boolean}false"
                    fdm:nullable="{Boolean}true"
                    fdm:primaryKey="{Boolean}false"
                    fdm:protected="{Boolean}false"
                    fdm:required="{Boolean}false"
                    jcr:primaryType="nt:unstructured"
                    description="operation input description"
                    name="schema"
                    type="object">
                    <properties jcr:primaryType="nt:unstructured"/>
                </schema>
                <targetSchema
                    fdm:bindRef="incidents"
                    fdm:computed="{Boolean}false"
                    fdm:nullable="{Boolean}true"
                    fdm:primaryKey="{Boolean}false"
                    fdm:protected="{Boolean}false"
                    fdm:required="{Boolean}false"
                    jcr:primaryType="nt:unstructured"
                    _x0024_ref="incidents"
                    name="incidents"
                    type="object"/>
            </get_incident>
            <post_incident
                fdm:source="source1"
                jcr:primaryType="nt:unstructured"
                description="Add a new ServiceNow record"
                genericOperation="{Boolean}false"
                href="dev87628.service-now.com/api/now/table"
                id="POST /incident"
                method="POST"
                name="POST /incident">
                <fdm:data jcr:primaryType="nt:unstructured"/>
                <schema
                    fdm:bindRef="schema"
                    fdm:computed="{Boolean}false"
                    fdm:nullable="{Boolean}true"
                    fdm:primaryKey="{Boolean}false"
                    fdm:protected="{Boolean}false"
                    fdm:required="{Boolean}false"
                    jcr:primaryType="nt:unstructured"
                    description="operation input description"
                    name="schema"
                    type="object">
                    <properties jcr:primaryType="nt:unstructured">
                        <ServiceNowRecord
                            fdm:bindRef="ServiceNowRecord"
                            fdm:computed="{Boolean}false"
                            fdm:in="body"
                            fdm:nullable="{Boolean}true"
                            fdm:primaryKey="{Boolean}false"
                            fdm:protected="{Boolean}false"
                            fdm:required="{Boolean}true"
                            jcr:primaryType="nt:unstructured"
                            _x0024_ref="ServiceNowRecord"
                            description="New ServiceNow record"
                            name="ServiceNowRecord"
                            type="object"/>
                    </properties>
                </schema>
                <targetSchema
                    fdm:bindRef="servicenowresult"
                    fdm:computed="{Boolean}false"
                    fdm:nullable="{Boolean}true"
                    fdm:primaryKey="{Boolean}false"
                    fdm:protected="{Boolean}false"
                    fdm:required="{Boolean}false"
                    jcr:primaryType="nt:unstructured"
                    _x0024_ref="servicenowresult"
                    name="servicenowresult"
                    type="object"/>
            </post_incident>
        </links>
        <properties jcr:primaryType="nt:unstructured">
            <incidents
                fdm:computed="{Boolean}false"
                fdm:nullable="{Boolean}true"
                fdm:protected="{Boolean}false"
                fdm:required="{Boolean}false"
                jcr:primaryType="nt:unstructured"
                _x0024_ref="incidents"
                name="incidents"/>
            <servicenowresult
                fdm:computed="{Boolean}false"
                fdm:nullable="{Boolean}true"
                fdm:protected="{Boolean}false"
                fdm:required="{Boolean}false"
                jcr:primaryType="nt:unstructured"
                _x0024_ref="servicenowresult"
                name="servicenowresult"/>
        </properties>
    </jcr:content>
</jcr:root>
