<?xml version="1.0" encoding="UTF-8"?>
<jcr:root xmlns:sling="http://sling.apache.org/jcr/sling/1.0" xmlns:cq="http://www.day.com/jcr/cq/1.0" xmlns:jcr="http://www.jcp.org/jcr/1.0" xmlns:nt="http://www.jcp.org/jcr/nt/1.0"
    jcr:primaryType="cq:Page">
    <jcr:content
        cq:lastModified="{Date}2022-08-12T09:29:01.594-04:00"
        cq:lastModifiedBy="admin"
        cq:template="/conf/wknd-app/settings/wcm/templates/spa-remote-page"
        jcr:primaryType="cq:PageContent"
        jcr:title="WKND App Home Page"
        sling:resourceType="wknd-app/components/remotepage"
        pwaCachestrategy="staleWhileRevalidate"
        pwaDisplay="standalone"
        pwaOrientation="any"
        remoteSPAUrl="http://localhost:3000">
        <root
            jcr:primaryType="nt:unstructured"
            sling:resourceType="wcm/foundation/components/responsivegrid">
            <responsivegrid
                jcr:primaryType="nt:unstructured"
                sling:resourceType="wcm/foundation/components/responsivegrid">
                <title
                    jcr:created="{Date}2021-04-22T14:39:53.683-04:00"
                    jcr:createdBy="admin"
                    jcr:lastModified="{Date}2021-04-22T14:41:50.013-04:00"
                    jcr:lastModifiedBy="admin"
                    jcr:primaryType="nt:unstructured"
                    jcr:title="Summer is coming, let's make the most of it!"
                    sling:resourceType="wknd-app/components/title"
                    type="h1"/>
                <image
                    jcr:created="{Date}2021-04-22T14:39:49.169-04:00"
                    jcr:createdBy="admin"
                    jcr:lastModified="{Date}2022-08-12T09:29:01.590-04:00"
                    jcr:lastModifiedBy="admin"
                    jcr:primaryType="nt:unstructured"
                    sling:resourceType="wknd-app/components/image"
                    displayPopupTitle="false"
                    fileReference="/content/dam/wknd-shared/en/activities/camping/camp-summer-night.jpg"
                    isDecorative="true"
                    titleValueFromDAM="false">
                    <cq:responsive jcr:primaryType="nt:unstructured">
                        <default
                            jcr:primaryType="nt:unstructured"
                            offset="0"
                            width="8"/>
                    </cq:responsive>
                </image>
                <text
                    jcr:lastModified="{Date}2021-04-22T14:45:17.317-04:00"
                    jcr:lastModifiedBy="admin"
                    jcr:primaryType="nt:unstructured"
                    sling:resourceType="wknd-app/components/text"
                    text="&lt;p>Right now, you can get 15% on all 1-week adventures, and 20% off on all adventures that are 2 weeks or longer!&amp;nbsp; At checkout, just add the campaign code &lt;b>SUMMERISCOMING&lt;/b> to get your discounts!&lt;/p>&#xd;&#xa;"
                    textIsRich="true">
                    <cq:responsive jcr:primaryType="nt:unstructured">
                        <default
                            jcr:primaryType="nt:unstructured"
                            offset="0"
                            width="4"/>
                    </cq:responsive>
                </text>
            </responsivegrid>
            <title
                jcr:lastModified="{Date}2021-04-22T16:20:07.540-04:00"
                jcr:lastModifiedBy="admin"
                jcr:primaryType="nt:unstructured"
                jcr:title="WKND Adventures"
                sling:resourceType="wknd-app/components/title"
                type="h2"/>
        </root>
    </jcr:content>
    <adventure/>
</jcr:root>
