<?xml version="1.0" encoding="UTF-8"?>
<jcr:root xmlns:oak="http://jackrabbit.apache.org/oak/ns/1.0" xmlns:jcr="http://www.jcp.org/jcr/1.0" xmlns:nt="http://www.jcp.org/jcr/nt/1.0" xmlns:rep="internal"
    jcr:mixinTypes="[rep:AccessControllable]"
    jcr:primaryType="nt:unstructured">
    <socialLucene/>
    <cqCloudServiceConfig/>
    <cqMaster/>
    <workflowDataLucene/>
    <slingeventJob/>
    <jcrLanguage/>
    <extensionType/>
    <damScene7UploadTimeStamp/>
    <containeeInstanceId/>
    <active/>
    <cqMobileAppLucene/>
    <versionStoreIndex/>
    <cqIsCommunitySite/>
    <repMembers/>
    <commerceLucene/>
    <counter/>
    <damScene7name/>
    <authorizables/>
    <cqDefaultFormFor/>
    <slingResourceSuperType/>
    <damScene7FileStatus/>
    <cqCugEnabled/>
    <damScene7ID/>
    <cqAcUUID/>
    <externalPrincipalNames/>
    <campaignpath/>
    <eclink/>
    <damS7watch/>
    <cqProjectLucene/>
    <acPrincipalName/>
    <fpContentType/>
    <cqVariantFamily/>
    <uuid/>
    <slingVanityPath/>
    <jcrLockOwner/>
    <damAssetLucene/>
    <deviceIdentificationMode/>
    <l4080-chapter9
        jcr:primaryType="oak:QueryIndexDefinition"
        async="async"
        compatVersion="{Long}2"
        evaluatePathRestrictions="{Boolean}true"
        reindex="{Boolean}false"
        reindexCount="{Long}1"
        type="lucene">
        <indexRules jcr:primaryType="nt:unstructured">
            <nt:unstructured jcr:primaryType="nt:unstructured">
                <properties jcr:primaryType="nt:unstructured">
                    <lastRolledoutBy
                        jcr:primaryType="nt:unstructured"
                        name="cq:lastRolledoutBy"
                        propertyIndex="{Boolean}true"/>
                    <lastRolledout
                        jcr:primaryType="nt:unstructured"
                        name="cq:lastRolledout"
                        ordered="{Boolean}true"/>
                </properties>
            </nt:unstructured>
        </indexRules>
    </l4080-chapter9>
    <rep:policy/>
    <cqCloudServiceConfigs/>
    <slingResources/>
    <cqPayloadPath/>
    <contentPath/>
    <ecuuid/>
    <cqOwnerCanvasPage/>
    <nodetype/>
    <cqTemplate/>
    <ntBaseLucene/>
    <verb/>
    <reference/>
    <lockCreated/>
    <principalName/>
    <cqTagLucene/>
    <lucene/>
    <guideComponentType/>
    <externalId/>
    <slingAlias/>
    <fragmentPath/>
    <authorizableId/>
    <cqPageLucene/>
    <slingResourceType/>
    <cqKeywords/>
    <damStatus/>
</jcr:root>
