{
    ":items": {},
    ":itemsOrder": [],
    ":type": "wknd-events/components/structure/app",
    ":hierarchyType": "page",
    ":path": "/content/wknd-events/react",
    ":children": {
        "/content/wknd-events/react/home": {
            ":items": {
                "root": {
                    "gridClassNames": "aem-Grid aem-Grid--12 aem-Grid--default--12",
                    "columnCount": 12,
                    "columnClassNames": {
                        "responsivegrid": "aem-GridColumn aem-GridColumn--default--12"
                    },
                    ":items": {
                        "responsivegrid": {
                            "gridClassNames": "aem-Grid aem-Grid--12 aem-Grid--default--12 aem-Grid--tablet--12 aem-Grid--phone--12",
                            "columnCount": 12,
                            "columnClassNames": {
                                "responsivegrid": "aem-GridColumn aem-GridColumn--tablet--12 aem-GridColumn--offset--tablet--0 aem-GridColumn--tablet--none aem-GridColumn--default--8 aem-GridColumn--offset--default--0 aem-GridColumn--default--none aem-GridColumn--phone--12 aem-GridColumn--offset--phone--0 aem-GridColumn--phone--none",
                                "responsivegrid_399366997": "aem-GridColumn aem-GridColumn--tablet--12 aem-GridColumn--offset--tablet--0 aem-GridColumn--tablet--none aem-GridColumn--default--4 aem-GridColumn--offset--default--0 aem-GridColumn--default--none aem-GridColumn--phone--12 aem-GridColumn--offset--phone--0 aem-GridColumn--phone--none"
                            },
                            ":items": {
                                "responsivegrid": {
                                    "gridClassNames": "aem-Grid aem-Grid--default--8 aem-Grid--tablet--12 aem-Grid--phone--12",
                                    "columnCount": 12,
                                    "columnClassNames": {
                                        "text": "aem-GridColumn aem-GridColumn--tablet--12 aem-GridColumn--default--8 aem-GridColumn--phone--8",
                                        "list": "aem-GridColumn aem-GridColumn--tablet--12 aem-GridColumn--default--8 aem-GridColumn--phone--8"
                                    },
                                    ":items": {
                                        "text": {
                                            "text": "<h1>Home</h1>\r\n",
                                            "richText": true,
                                            ":type": "wknd-events/components/content/text"
                                        },
                                        "list": {
                                            "dateFormatString": "yyyy-MM-dd",
                                            "items": [
                                                {
                                                    "url": "/content/wknd-events/react/home/first-article.html",
                                                    "path": "/content/wknd-events/react/home/first-article",
                                                    "description": null,
                                                    "title": "First Article",
                                                    "lastModified": 1539529744910
                                                },
                                                {
                                                    "url": "/content/wknd-events/react/home/second-article.html",
                                                    "path": "/content/wknd-events/react/home/second-article",
                                                    "description": null,
                                                    "title": "Second Article",
                                                    "lastModified": 1539532397436
                                                }
                                            ],
                                            "showDescription": false,
                                            "showModificationDate": false,
                                            "linkItems": false,
                                            ":type": "wknd-events/components/content/list"
                                        }
                                    },
                                    ":itemsOrder": [
                                        "text",
                                        "list"
                                    ],
                                    ":type": "wcm/foundation/components/responsivegrid"
                                },
                                "responsivegrid_399366997": {
                                    "gridClassNames": "aem-Grid aem-Grid--default--4 aem-Grid--tablet--12 aem-Grid--phone--12",
                                    "columnCount": 12,
                                    "columnClassNames": {
                                        "text_1183005514": "aem-GridColumn aem-GridColumn--tablet--12 aem-GridColumn--default--4 aem-GridColumn--phone--4",
                                        "text": "aem-GridColumn aem-GridColumn--tablet--12 aem-GridColumn--default--4 aem-GridColumn--phone--4"
                                    },
                                    ":items": {
                                        "text": {
                                            "text": "<h4>Sidebar heading</h4>\n",
                                            "richText": true,
                                            ":type": "wknd-events/components/content/text"
                                        },
                                        "text_1183005514": {
                                            "text": "<p>Morbi euismod magna ac lorem rutrum elementum.</p>\n",
                                            "richText": true,
                                            ":type": "wknd-events/components/content/text"
                                        }
                                    },
                                    ":itemsOrder": [
                                        "text",
                                        "text_1183005514"
                                    ],
                                    ":type": "wcm/foundation/components/responsivegrid"
                                }
                            },
                            ":itemsOrder": [
                                "responsivegrid",
                                "responsivegrid_399366997"
                            ],
                            ":type": "wcm/foundation/components/responsivegrid"
                        }
                    },
                    ":itemsOrder": [
                        "responsivegrid"
                    ],
                    ":type": "wcm/foundation/components/responsivegrid"
                }
            },
            ":itemsOrder": [
                "root"
            ],
            ":type": "wknd-events/components/structure/page",
            ":hierarchyType": "page",
            ":path": "/content/wknd-events/react/home",
            "title": "Home"
        },
        "/content/wknd-events/react/home/first-article": {
            ":items": {
                "root": {
                    "gridClassNames": "aem-Grid aem-Grid--12 aem-Grid--default--12",
                    "columnCount": 12,
                    "columnClassNames": {
                        "responsivegrid": "aem-GridColumn aem-GridColumn--default--12"
                    },
                    ":items": {
                        "responsivegrid": {
                            "gridClassNames": "aem-Grid aem-Grid--12 aem-Grid--default--12 aem-Grid--tablet--12 aem-Grid--phone--12",
                            "columnCount": 12,
                            "columnClassNames": {
                                "text": "aem-GridColumn aem-GridColumn--default--12",
                                "responsivegrid": "aem-GridColumn aem-GridColumn--tablet--12 aem-GridColumn--offset--tablet--0 aem-GridColumn--tablet--none aem-GridColumn--default--8 aem-GridColumn--offset--default--0 aem-GridColumn--default--none aem-GridColumn--phone--12 aem-GridColumn--offset--phone--0 aem-GridColumn--phone--none",
                                "responsivegrid_399366997": "aem-GridColumn aem-GridColumn--tablet--12 aem-GridColumn--offset--tablet--0 aem-GridColumn--tablet--none aem-GridColumn--default--4 aem-GridColumn--offset--default--0 aem-GridColumn--default--none aem-GridColumn--phone--12 aem-GridColumn--offset--phone--0 aem-GridColumn--phone--none"
                            },
                            ":items": {
                                "text": {
                                    "text": "<h1>First Article</h1>\n",
                                    "richText": true,
                                    ":type": "wknd-events/components/content/text"
                                },
                                "responsivegrid": {
                                    "gridClassNames": "aem-Grid aem-Grid--default--8 aem-Grid--tablet--12 aem-Grid--phone--12",
                                    "columnCount": 12,
                                    "columnClassNames": {
                                        "image": "aem-GridColumn aem-GridColumn--tablet--12 aem-GridColumn--default--8 aem-GridColumn--phone--8",
                                        "text_279202033": "aem-GridColumn aem-GridColumn--tablet--12 aem-GridColumn--default--8 aem-GridColumn--phone--8",
                                        "text": "aem-GridColumn aem-GridColumn--tablet--12 aem-GridColumn--default--8 aem-GridColumn--phone--8"
                                    },
                                    ":items": {
                                        "text": {
                                            "text": "<p>Lorem ipsum dolor sit amet, consectetur adipiscing elit. Nullam in dui mauris. Vivamus hendrerit arcu sed erat molestie vehicula. Sed auctor neque eu tellus rhoncus ut eleifend nibh porttitor. Ut in nulla enim. Phasellus molestie magna non est bibendum non venenatis nisl tempor. Suspendisse dictum feugiat nisl ut dapibus. Mauris iaculis porttitor posuere. Praesent id metus massa, ut blandit odio. Proin quis tortor orci. Etiam at risus et justo dignissim congue. Donec congue lacinia dui, a porttitor lectus condimentum laoreet. Nunc eu ullamcorper orci. Quisque eget odio ac lectus vestibulum faucibus eget in metus. In pellentesque faucibus vestibulum. Nulla at nulla justo, eget luctus tortor. Nulla facilisi. Duis aliquet egestas purus in blandit. Curabitur vulputate, ligula lacinia scelerisque tempor, lacus lacus ornare ante, ac egestas est urna sit amet arcu.</p>\n",
                                            "richText": true,
                                            ":type": "wknd-events/components/content/text"
                                        },
                                        "image": {
                                            "alt": "California highway",
                                            "title": "California Highway",
                                            "src": "/images/mock-image.jpeg",
                                            "srcUriTemplate": "/content/wknd-events/react/home/first-article/_jcr_content/root/responsivegrid/responsivegrid/image.coreimg{.width}.jpeg/1539532290565.jpeg",
                                            "lazyEnabled": false,
                                            "widths": [],
                                            ":type": "wknd-events/components/content/image"
                                        },
                                        "text_279202033": {
                                            "text": "<p>Class aptent taciti sociosqu ad litora torquent per conubia nostra, per inceptos himenaeos. Sed molestie augue sit amet leo consequat posuere. Vestibulum ante ipsum primis in faucibus orci luctus et ultrices posuere cubilia Curae; Proin vel ante a orci tempus eleifend ut et magna. Lorem ipsum dolor sit amet, consectetur adipiscing elit. Vivamus luctus urna sed urna ultricies ac tempor dui sagittis. In condimentum facilisis porta. Sed nec diam eu diam mattis viverra. Nulla fringilla, orci ac euismod semper, magna diam porttitor mauris, quis sollicitudin sapien justo in libero. Vestibulum mollis mauris enim.&nbsp;</p>\n<p>Donec viverra auctor lobortis. Pellentesque eu est a nulla placerat dignissim. Morbi a enim in magna semper bibendum. Etiam scelerisque, nunc ac egestas consequat, odio nibh euismod nulla, eget auctor orci nibh vel nisi. Aliquam erat volutpat. Mauris vel neque sit amet nunc gravida congue sed sit amet purus. Quisque lacus quam, egestas ac tincidunt a, lacinia vel velit.&nbsp;</p>\n",
                                            "richText": true,
                                            ":type": "wknd-events/components/content/text"
                                        }
                                    },
                                    ":itemsOrder": [
                                        "text",
                                        "image",
                                        "text_279202033"
                                    ],
                                    ":type": "wcm/foundation/components/responsivegrid"
                                },
                                "responsivegrid_399366997": {
                                    "gridClassNames": "aem-Grid aem-Grid--default--4 aem-Grid--tablet--12 aem-Grid--phone--12",
                                    "columnCount": 12,
                                    "columnClassNames": {
                                        "text_1183005514": "aem-GridColumn aem-GridColumn--tablet--12 aem-GridColumn--default--4 aem-GridColumn--phone--4",
                                        "text": "aem-GridColumn aem-GridColumn--tablet--12 aem-GridColumn--default--4 aem-GridColumn--phone--4"
                                    },
                                    ":items": {
                                        "text": {
                                            "text": "<h4>Sidebar heading</h4>\n",
                                            "richText": true,
                                            ":type": "wknd-events/components/content/text"
                                        },
                                        "text_1183005514": {
                                            "text": "<p>Morbi euismod magna ac lorem rutrum elementum.</p>\n",
                                            "richText": true,
                                            ":type": "wknd-events/components/content/text"
                                        }
                                    },
                                    ":itemsOrder": [
                                        "text",
                                        "text_1183005514"
                                    ],
                                    ":type": "wcm/foundation/components/responsivegrid"
                                }
                            },
                            ":itemsOrder": [
                                "text",
                                "responsivegrid",
                                "responsivegrid_399366997"
                            ],
                            ":type": "wcm/foundation/components/responsivegrid"
                        }
                    },
                    ":itemsOrder": [
                        "responsivegrid"
                    ],
                    ":type": "wcm/foundation/components/responsivegrid"
                }
            },
            ":itemsOrder": [
                "root"
            ],
            ":type": "wknd-events/components/structure/page",
            ":hierarchyType": "page",
            ":path": "/content/wknd-events/react/home/first-article",
            "title": "First Article"
        },
        "/content/wknd-events/react/home/second-article": {
            ":items": {
                "root": {
                    "gridClassNames": "aem-Grid aem-Grid--12 aem-Grid--default--12",
                    "columnCount": 12,
                    "columnClassNames": {
                        "responsivegrid": "aem-GridColumn aem-GridColumn--default--12"
                    },
                    ":items": {
                        "responsivegrid": {
                            "gridClassNames": "aem-Grid aem-Grid--12 aem-Grid--default--12 aem-Grid--tablet--12 aem-Grid--phone--12",
                            "columnCount": 12,
                            "columnClassNames": {
                                "text": "aem-GridColumn aem-GridColumn--default--12",
                                "responsivegrid": "aem-GridColumn aem-GridColumn--tablet--12 aem-GridColumn--offset--tablet--0 aem-GridColumn--tablet--none aem-GridColumn--default--8 aem-GridColumn--offset--default--0 aem-GridColumn--default--none aem-GridColumn--phone--12 aem-GridColumn--offset--phone--0 aem-GridColumn--phone--none",
                                "responsivegrid_399366997": "aem-GridColumn aem-GridColumn--tablet--12 aem-GridColumn--offset--tablet--0 aem-GridColumn--tablet--none aem-GridColumn--default--4 aem-GridColumn--offset--default--0 aem-GridColumn--default--none aem-GridColumn--phone--12 aem-GridColumn--offset--phone--0 aem-GridColumn--phone--none"
                            },
                            ":items": {
                                "text": {
                                    "text": "<h1>Update Second Article</h1>\n",
                                    "richText": true,
                                    ":type": "wknd-events/components/content/text"
                                },
                                "responsivegrid": {
                                    "gridClassNames": "aem-Grid aem-Grid--default--8 aem-Grid--tablet--12 aem-Grid--phone--12",
                                    "columnCount": 12,
                                    "columnClassNames": {
                                        "image": "aem-GridColumn aem-GridColumn--tablet--12 aem-GridColumn--default--8 aem-GridColumn--phone--8",
                                        "text_279202033": "aem-GridColumn aem-GridColumn--tablet--12 aem-GridColumn--default--8 aem-GridColumn--phone--8",
                                        "text": "aem-GridColumn aem-GridColumn--tablet--12 aem-GridColumn--default--8 aem-GridColumn--phone--8"
                                    },
                                    ":items": {
                                        "text": {
                                            "text": "<p>Lorem Update dolor sit amet, consectetur adipiscing elit. Nullam in dui mauris. Vivamus hendrerit arcu sed erat molestie vehicula. Sed auctor neque eu tellus rhoncus ut eleifend nibh porttitor. Ut in nulla enim. Phasellus molestie magna non est bibendum non venenatis nisl tempor. Suspendisse dictum feugiat nisl ut dapibus. Mauris iaculis porttitor posuere. Praesent id metus massa, ut blandit odio. Proin quis tortor orci. Etiam at risus et justo dignissim congue. Donec congue lacinia dui, a porttitor lectus condimentum laoreet. Nunc eu ullamcorper orci. Quisque eget odio ac lectus vestibulum faucibus eget in metus. In pellentesque faucibus vestibulum. Nulla at nulla justo, eget luctus tortor. Nulla facilisi. Duis aliquet egestas purus in blandit. Curabitur vulputate, ligula lacinia scelerisque tempor, lacus lacus ornare ante, ac egestas est urna sit amet arcu.</p>\n",
                                            "richText": true,
                                            ":type": "wknd-events/components/content/text"
                                        },
                                        "image": {
                                            "alt": "Swirl",
                                            "title": "Movement art gallery",
                                            "src": "/images/mock-image2.jpeg",
                                            "srcUriTemplate": "/content/wknd-events/react/home/second-article/_jcr_content/root/responsivegrid/responsivegrid/image.coreimg{.width}.jpeg/1539532290585.jpeg",
                                            "lazyEnabled": false,
                                            "widths": [],
                                            ":type": "wknd-events/components/content/image"
                                        },
                                        "text_279202033": {
                                            "text": "<p>Class aptent taciti sociosqu ad litora torquent per conubia nostra, per inceptos himenaeos. Sed molestie augue sit amet leo consequat posuere. Vestibulum ante ipsum primis in faucibus orci luctus et ultrices posuere cubilia Curae; Proin vel ante a orci tempus eleifend ut et magna. Lorem ipsum dolor sit amet, consectetur adipiscing elit. Vivamus luctus urna sed urna ultricies ac tempor dui sagittis. In condimentum facilisis porta. Sed nec diam eu diam mattis viverra. Nulla fringilla, orci ac euismod semper, magna diam porttitor mauris, quis sollicitudin sapien justo in libero. Vestibulum mollis mauris enim.&nbsp;</p>\n<p>Donec viverra auctor lobortis. Pellentesque eu est a nulla placerat dignissim. Morbi a enim in magna semper bibendum. Etiam scelerisque, nunc ac egestas consequat, odio nibh euismod nulla, eget auctor orci nibh vel nisi. Aliquam erat volutpat. Mauris vel neque sit amet nunc gravida congue sed sit amet purus. Quisque lacus quam, egestas ac tincidunt a, lacinia vel velit.&nbsp;</p>\n",
                                            "richText": true,
                                            ":type": "wknd-events/components/content/text"
                                        }
                                    },
                                    ":itemsOrder": [
                                        "text",
                                        "image",
                                        "text_279202033"
                                    ],
                                    ":type": "wcm/foundation/components/responsivegrid"
                                },
                                "responsivegrid_399366997": {
                                    "gridClassNames": "aem-Grid aem-Grid--default--4 aem-Grid--tablet--12 aem-Grid--phone--12",
                                    "columnCount": 12,
                                    "columnClassNames": {
                                        "text_1183005514": "aem-GridColumn aem-GridColumn--tablet--12 aem-GridColumn--default--4 aem-GridColumn--phone--4",
                                        "text": "aem-GridColumn aem-GridColumn--tablet--12 aem-GridColumn--default--4 aem-GridColumn--phone--4"
                                    },
                                    ":items": {
                                        "text": {
                                            "text": "<h4>Sidebar heading</h4>\n",
                                            "richText": true,
                                            ":type": "wknd-events/components/content/text"
                                        },
                                        "text_1183005514": {
                                            "text": "<p>Morbi euismod magna ac lorem rutrum elementum.</p>\n",
                                            "richText": true,
                                            ":type": "wknd-events/components/content/text"
                                        }
                                    },
                                    ":itemsOrder": [
                                        "text",
                                        "text_1183005514"
                                    ],
                                    ":type": "wcm/foundation/components/responsivegrid"
                                }
                            },
                            ":itemsOrder": [
                                "text",
                                "responsivegrid",
                                "responsivegrid_399366997"
                            ],
                            ":type": "wcm/foundation/components/responsivegrid"
                        }
                    },
                    ":itemsOrder": [
                        "responsivegrid"
                    ],
                    ":type": "wcm/foundation/components/responsivegrid"
                }
            },
            ":itemsOrder": [
                "root"
            ],
            ":type": "wknd-events/components/structure/page",
            ":hierarchyType": "page",
            ":path": "/content/wknd-events/react/home/second-article",
            "title": "Second Article"
        }
    },
    "title": "React App"
}