<?xml version="1.0" encoding="UTF-8"?>
<jcr:root xmlns:oak="http://jackrabbit.apache.org/oak/ns/1.0" xmlns:cq="http://www.day.com/jcr/cq/1.0" xmlns:jcr="http://www.jcp.org/jcr/1.0" xmlns:nt="http://www.jcp.org/jcr/nt/1.0" xmlns:rep="internal"
    jcr:mixinTypes="[rep:AccessControllable]"
    jcr:primaryType="nt:unstructured">
    <socialLucene/>
    <cqCloudServiceConfig/>
    <cqMaster/>
    <workflowDataLucene/>
    <slingeventJob/>
    <jcrLanguage/>
    <extensionType/>
    <damScene7UploadTimeStamp/>
    <containeeInstanceId/>
    <active/>
    <cqMobileAppLucene/>
    <versionStoreIndex/>
    <cqIsCommunitySite/>
    <repMembers/>
    <processingProfile/>
    <counter/>
    <damScene7name/>
    <authorizables/>
    <cqDefaultFormFor/>
    <slingResourceSuperType/>
    <damScene7FileStatus/>
    <cqCugEnabled/>
    <damScene7ID/>
    <cqAcUUID/>
    <externalPrincipalNames/>
    <campaignpath/>
    <eclink/>
    <subType/>
    <damS7watch/>
    <cqProjectLucene/>
    <afTemplateVersion/>
    <acPrincipalName/>
    <fpContentType/>
    <cqVariantFamily/>
    <uuid/>
    <slingVanityPath/>
    <jcrLockOwner/>
    <damAssetLucene/>
    <deviceIdentificationMode/>
    <refExpired/>
    <rep:policy/>
    <cqCloudServiceConfigs/>
    <slingResources/>
    <cqPayloadPath/>
    <contentPath/>
    <ecuuid/>
    <cqOwnerCanvasPage/>
    <nodetype/>
    <cqTemplate/>
    <ntBaseLucene/>
    <verb/>
    <reference/>
    <lockCreated/>
    <principalName/>
    <cqTagLucene/>
    <lucene/>
    <guideComponentType/>
    <externalId/>
    <slingAlias/>
    <fragmentPath/>
    <authorizableId/>
    <cqPageLucene
        jcr:primaryType="oak:QueryIndexDefinition"
        async="[async,nrt]"
        compatVersion="{Long}2"
        evaluatePathRestrictions="{Boolean}true"
        excludedPaths="[/var,/etc/replication,/etc/workflow/instances,/jcr:system]"
        reindex="{Boolean}false"
        reindexCount="{Long}16"
        type="lucene">
        <indexRules jcr:primaryType="nt:unstructured">
            <cq:Page jcr:primaryType="nt:unstructured">
                <properties jcr:primaryType="nt:unstructured">
                    <cqLastModified/>
                    <jcrTitle
                        jcr:primaryType="nt:unstructured"
                        analyzed="{Boolean}true"
                        name="jcr:content/jcr:title"
                        nodeScopeIndex="{Boolean}true"
                        propertyIndex="{Boolean}true"
                        type="String"
                        useInSpellcheck="{Boolean}true"
                        useInSuggest="{Boolean}true"/>
                    <pageTitle/>
                    <navTitle/>
                    <nodeName/>
                    <cqLastRolledoutBy/>
                    <keywords
                        jcr:primaryType="nt:unstructured"
                        analyzed="{Boolean}true"
                        boost="{Long}10"
                        name="jcr:content/keywords"
                        nodeScopeIndex="{Boolean}true"
                        propertyIndex="{Boolean}true"
                        type="String"
                        useInSpellcheck="{Boolean}true"
                        useInSuggest="{Boolean}true"/>
                    <cqTags/>
                </properties>
            </cq:Page>
            <cq:PageContent/>
        </indexRules>
    </cqPageLucene>
    <slingResourceType/>
    <cqKeywords/>
    <damStatus/>
</jcr:root>
