{"autoTags":[{"value":"binoculars","confidence":0.8323207497596741,"isCustom":false},{"value":"isolated","confidence":0.7740501165390015,"isCustom":false},{"value":"female","confidence":0.7660278081893921,"isCustom":false},{"value":"girl","confidence":0.7619175314903259,"isCustom":false},{"value":"caucasian","confidence":0.7527287006378174,"isCustom":false},{"value":"woman","confidence":0.7439267635345459,"isCustom":false},{"value":"adult","confidence":0.7399199604988098,"isCustom":false},{"value":"look","confidence":0.7018766403198242,"isCustom":false},{"value":"beautiful","confidence":0.6914393901824951,"isCustom":false},{"value":"business","confidence":0.6901827454566956,"isCustom":false},{"value":"camera","confidence":0.6891084909439087,"isCustom":false},{"value":"white","confidence":0.6864234209060669,"isCustom":false},{"value":"looking","confidence":0.6803338527679443,"isCustom":false},{"value":"young","confidence":0.668530285358429,"isCustom":false},{"value":"people","confidence":0.6617457866668701,"isCustom":false},{"value":"background","confidence":0.6601629257202148,"isCustom":false},{"value":"binocular","confidence":0.6594853401184082,"isCustom":false},{"value":"person","confidence":0.6575770378112793,"isCustom":false},{"value":"lens","confidence":0.6544177532196045,"isCustom":false},{"value":"beauty","confidence":0.6380020976066589,"isCustom":false},{"value":"photographer","confidence":0.6319023370742798,"isCustom":false},{"value":"child","confidence":0.6228551864624023,"isCustom":false},{"value":"man","confidence":0.6218355894088745,"isCustom":false},{"value":"face","confidence":0.6197802424430847,"isCustom":false},{"value":"search","confidence":0.6166701316833496,"isCustom":false}]}
