<?xml version="1.0" encoding="UTF-8"?>
<jcr:root xmlns:sling="http://sling.apache.org/jcr/sling/1.0" xmlns:cq="http://www.day.com/jcr/cq/1.0" xmlns:jcr="http://www.jcp.org/jcr/1.0" xmlns:nt="http://www.jcp.org/jcr/nt/1.0"
    jcr:primaryType="cq:Page">
    <jcr:content
        cq:lastModified="{Date}2018-02-12T12:48:25.405-05:00"
        cq:lastModifiedBy="admin"
        cq:template="/conf/we-retail/settings/wcm/templates/content-page"
        jcr:primaryType="cq:PageContent"
        jcr:title="Technical Review"
        sling:resourceType="weretail/components/structure/page"
        hideSubItemsInNav="{Boolean}true">
        <root
            jcr:primaryType="nt:unstructured"
            sling:resourceType="wcm/foundation/components/responsivegrid">
            <responsivegrid
                jcr:primaryType="nt:unstructured"
                sling:resourceType="wcm/foundation/components/responsivegrid">
                <list
                    cq:styleIds="[1511271908156]"
                    jcr:created="{Date}2017-11-29T21:47:02.746-05:00"
                    jcr:createdBy="admin"
                    jcr:lastModified="{Date}2018-02-12T12:48:25.403-05:00"
                    jcr:lastModifiedBy="admin"
                    jcr:primaryType="nt:unstructured"
                    sling:resourceType="weretail/components/content/list"
                    childDepth="1"
                    linkItems="true"
                    listFrom="children"
                    showDescription="true"
                    showModificationDate="true"
                    sortOrder="asc"
                    tagsMatch="any"/>
            </responsivegrid>
        </root>
    </jcr:content>
    <arctic-surfing-in-lofoten/>
    <summit-success-in-the-himalayas/>
    <climbing-on-kalymnos-island--greece/>
    <running-at-the-great-wall-marathon/>
    <skiing-deep-powder-in-siberia/>
    <climbing-in-the-massif-du-mont-blanc/>
</jcr:root>
