<?xml version="1.0" encoding="UTF-8"?>
<jcr:root xmlns:sling="http://sling.apache.org/jcr/sling/1.0" xmlns:granite="http://www.adobe.com/jcr/granite/1.0" xmlns:cq="http://www.day.com/jcr/cq/1.0" xmlns:jcr="http://www.jcp.org/jcr/1.0" xmlns:nt="http://www.jcp.org/jcr/nt/1.0"
    jcr:primaryType="nt:unstructured"
    sling:resourceType="cq/gui/components/authoring/dialog">
    <content
        jcr:primaryType="nt:unstructured"
        sling:resourceType="granite/ui/components/coral/foundation/container">
        <items jcr:primaryType="nt:unstructured">
            <accordion
                jcr:primaryType="nt:unstructured"
                sling:resourceType="granite/ui/components/coral/foundation/accordion">
                <items jcr:primaryType="nt:unstructured">
                    <basic
                        jcr:primaryType="nt:unstructured"
                        jcr:title="Basic"
                        sling:resourceType="granite/ui/components/coral/foundation/container">
                        <items jcr:primaryType="nt:unstructured">
                            <value
                                granite:class="plainTextValue"
                                jcr:primaryType="nt:unstructured"
                                sling:orderBefore="guideGlobalLazyField"
                                sling:resourceType="granite/ui/components/coral/foundation/form/textfield"
                                fieldLabel="Embed PDF API Key"
                                name="./apikey"/>
                            <options
                                jcr:primaryType="nt:unstructured"
                                sling:orderBefore="required"
                                sling:resourceType="fd/af/authoring/components/granite/form/formsmultifield"
                                fieldDescription="Enter values in {value}={text} format."
                                fieldLabel="Specify PDF Documents">
                                <field
                                    jcr:primaryType="nt:unstructured"
                                    sling:resourceType="granite/ui/components/coral/foundation/form/pathfield"
                                    name="./options"
                                    required="{Boolean}false"
                                    rootPath="/content/dam/formsanddocuments"/>
                            </options>
                        </items>
                    </basic>
                </items>
            </accordion>
        </items>
    </content>
</jcr:root>
