{
  "swagger": "2.0",
  "info": {
    "version": "1.0.0",
    "title": "Simple API",
    "description": "Learning Swagger"
  },
  "host": "mc.adobe.io",
  "basePath": "/acpm05.campaign-demo.adobe.com",
  "schemes": [
    "https"
  ],
  "paths": {
    "/campaign/profileAndServicesExt/profile/": {
      "post": {
        "summary": "Create Profile In ACS",
        "produces": [
          "application/json"
        ],
        "consumes": [
          "appliacation/json"
        ],
        "operationId": "Create Profile",
        "parameters": [
          {
            "in": "body",
            "name": "profile",
            "description": "Profile to be created",
            "schema": {
              "$ref":"#/definitions/profile"
            }
          }
        ],
        "responses": {
          "200": {
            "description": "Successfull Response",
            "schema": {
              "$ref": "#/definitions/returnvalue"
            }
          }
        }
      }
    }
  },
  "definitions": {
  "profile":{
  "type":"object",
  "properties":{
	"firstName":{
	"type":"string"
	},
     "lastName":{
     "type":"string"
     },
      "email":{
      "type":"string"
     },
      "mobilePhone":{
	  "type":"string"
     }
  }
  },
    "returnvalue": {
      "type": "object",
      "properties": {
        "PKey": {
          "type": "string"
        },
        "title": {
          "type": "string"
        }
      }
    }
  }
}