<?xml version="1.0" encoding="UTF-8"?>
<jcr:root xmlns:sling="http://sling.apache.org/jcr/sling/1.0" xmlns:cq="http://www.day.com/jcr/cq/1.0" xmlns:jcr="http://www.jcp.org/jcr/1.0" xmlns:nt="http://www.jcp.org/jcr/nt/1.0"
    jcr:isCheckedOut="{Boolean}false"
    jcr:primaryType="cq:WorkflowModel"
    jcr:uuid="9e393e40-c09d-426e-865f-2bf825f198f9"
    sling:resourceType="cq/workflow/components/model"
    description="No Description"
    title="SendListofDocuments">
    <variables jcr:primaryType="nt:unstructured">
        <listOfDocuments
            jcr:primaryType="nt:unstructured"
            name="listOfDocuments"
            subType="com.adobe.aemfd.docmanager.Document"
            type="java.util.ArrayList"/>
        <no_of_attachments
            jcr:primaryType="nt:unstructured"
            name="no_of_attachments"
            type="java.lang.Double"/>
        <attachmentNames
            jcr:primaryType="nt:unstructured"
            name="attachmentNames"
            subType="java.lang.String"
            type="java.util.ArrayList"/>
    </variables>
    <metaData
        cq:generatingPage="/conf/global/settings/workflow/models/SendListOfDocuments/jcr:content"
        cq:lastModified="{Long}1623450063209"
        cq:lastModifiedBy="admin"
        jcr:primaryType="nt:unstructured"/>
    <nodes jcr:primaryType="nt:unstructured">
        <node0
            jcr:primaryType="cq:WorkflowNode"
            title="Start"
            type="START">
            <metaData jcr:primaryType="nt:unstructured"/>
        </node0>
        <node1
            jcr:primaryType="cq:WorkflowNode"
            title="Populate List Of Documents and Attachment Name"
            type="PROCESS">
            <metaData
                jcr:primaryType="nt:unstructured"
                PROCESS="com.aemforms.formattachments.core.PopulateListOfDocuments"
                PROCESS_ARGS="attachments"
                PROCESS_AUTO_ADVANCE="true"/>
        </node1>
        <node2
            jcr:primaryType="cq:WorkflowNode"
            title="OR_SPLIT"
            type="OR_SPLIT">
            <metaData jcr:primaryType="nt:unstructured"/>
        </node2>
        <node3
            jcr:primaryType="cq:WorkflowNode"
            title="OR_JOIN"
            type="OR_JOIN">
            <metaData jcr:primaryType="nt:unstructured"/>
        </node3>
        <node4
            jcr:primaryType="cq:WorkflowNode"
            description="Use the email step to send an HTML email. For example, you can use the email step to send a document of record, adaptive form and interactive communication link, and a PDF document on completion of a workflow."
            title="Send Email"
            type="PROCESS">
            <metaData
                jcr:primaryType="nt:unstructured"
                attachmentFileNameType="Variable"
                attachmentName="attachmentNames"
                attachmentPathHiddenField="VARIABLE:listOfDocuments"
                bccAddressType="Literal"
                ccAddressType="Literal"
                emailSubject="Sending you the form attachments"
                fromAddressType="Literal"
                fromAddressValue="email@email.com"
                hiddenCheckbox="false"
                hiddenIsFormsAsset="false"
                Key="approver"
                PROCESS="com.adobe.fd.workflow.email.SendEmailStep"
                PROCESS_AUTO_ADVANCE="true"
                subjectType="Literal"
                templatemetadatatype="Literal"
                templatePath="/apps/dpc/emailTemplates/sendFormAttachments.html"
                toAddressType="Literal"
                toAddressValue="johndoe@doe.com"
                Value="John Williams"/>
        </node4>
        <node5
            jcr:primaryType="cq:WorkflowNode"
            description="Use the email step to send an HTML email. For example, you can use the email step to send a document of record, adaptive form and interactive communication link, and a PDF document on completion of a workflow."
            title="Send Email"
            type="PROCESS">
            <metaData
                jcr:primaryType="nt:unstructured"
                PROCESS="com.adobe.fd.workflow.email.SendEmailStep"
                PROCESS_AUTO_ADVANCE="true"/>
        </node5>
        <node6
            jcr:primaryType="cq:WorkflowNode"
            title="End"
            type="END">
            <metaData jcr:primaryType="nt:unstructured"/>
        </node6>
    </nodes>
    <transitions jcr:primaryType="nt:unstructured">
        <node0_x0023_node1
            jcr:primaryType="cq:WorkflowTransition"
            from="node0"
            rule=""
            to="node1">
            <metaData jcr:primaryType="nt:unstructured"/>
        </node0_x0023_node1>
        <node1_x0023_node2
            jcr:primaryType="cq:WorkflowTransition"
            from="node1"
            to="node2">
            <metaData jcr:primaryType="nt:unstructured"/>
        </node1_x0023_node2>
        <node2_x0023_node4
            jcr:primaryType="cq:WorkflowTransition"
            from="node2"
            rule="\{&quot;nodeName&quot;:&quot;ROOT&quot;,&quot;items&quot;:[{&quot;nodeName&quot;:&quot;STATEMENT&quot;,&quot;choice&quot;:{&quot;nodeName&quot;:&quot;CONDITION&quot;,&quot;choice&quot;:{&quot;nodeName&quot;:&quot;COMPARISON_EXPRESSION&quot;,&quot;items&quot;:[{&quot;nodeName&quot;:&quot;EXPRESSION&quot;,&quot;choice&quot;:{&quot;nodeName&quot;:&quot;COMPONENT&quot;,&quot;value&quot;:{&quot;id&quot;:&quot;no_of_attachments&quot;,&quot;displayName&quot;:&quot;no_of_attachments&quot;,&quot;type&quot;:&quot;NUMBER&quot;,&quot;displayPath&quot;:&quot;workflow_variables/no_of_attachments/&quot;,&quot;name&quot;:&quot;no_of_attachments&quot;,&quot;parent&quot;:&quot;workflow_variables&quot;}}},{&quot;nodeName&quot;:&quot;OPERATOR&quot;,&quot;choice&quot;:{&quot;nodeName&quot;:&quot;GREATER_THAN&quot;,&quot;value&quot;:null}},{&quot;nodeName&quot;:&quot;EXPRESSION&quot;,&quot;choice&quot;:{&quot;nodeName&quot;:&quot;NUMERIC_LITERAL&quot;,&quot;value&quot;:&quot;0&quot;}}]},&quot;nested&quot;:false}}],&quot;isValid&quot;:true,&quot;enabled&quot;:true,&quot;version&quot;:1}"
            to="node4">
            <metaData
                jcr:primaryType="nt:unstructured"
                isDefault="false"/>
        </node2_x0023_node4>
        <node4_x0023_node3
            jcr:primaryType="cq:WorkflowTransition"
            from="node4"
            to="node3">
            <metaData jcr:primaryType="nt:unstructured"/>
        </node4_x0023_node3>
        <node2_x0023_node5
            jcr:primaryType="cq:WorkflowTransition"
            from="node2"
            rule="\{&quot;nodeName&quot;:&quot;ROOT&quot;,&quot;items&quot;:[{&quot;nodeName&quot;:&quot;STATEMENT&quot;,&quot;choice&quot;:{&quot;nodeName&quot;:&quot;CONDITION&quot;,&quot;choice&quot;:{&quot;nodeName&quot;:&quot;COMPARISON_EXPRESSION&quot;,&quot;items&quot;:[{&quot;nodeName&quot;:&quot;EXPRESSION&quot;,&quot;choice&quot;:{&quot;nodeName&quot;:&quot;COMPONENT&quot;,&quot;value&quot;:{&quot;id&quot;:&quot;no_of_attachments&quot;,&quot;displayName&quot;:&quot;no_of_attachments&quot;,&quot;type&quot;:&quot;NUMBER&quot;,&quot;displayPath&quot;:&quot;workflow_variables/no_of_attachments/&quot;,&quot;name&quot;:&quot;no_of_attachments&quot;,&quot;parent&quot;:&quot;workflow_variables&quot;}}},{&quot;nodeName&quot;:&quot;OPERATOR&quot;,&quot;choice&quot;:{&quot;nodeName&quot;:&quot;EQUALS_TO&quot;,&quot;value&quot;:null}},{&quot;nodeName&quot;:&quot;EXPRESSION&quot;,&quot;choice&quot;:{&quot;nodeName&quot;:&quot;NUMERIC_LITERAL&quot;,&quot;value&quot;:&quot;0&quot;}}]},&quot;nested&quot;:false}}],&quot;isValid&quot;:true,&quot;enabled&quot;:true,&quot;version&quot;:1}"
            to="node5">
            <metaData
                jcr:primaryType="nt:unstructured"
                isDefault="false"/>
        </node2_x0023_node5>
        <node5_x0023_node3
            jcr:primaryType="cq:WorkflowTransition"
            from="node5"
            to="node3">
            <metaData jcr:primaryType="nt:unstructured"/>
        </node5_x0023_node3>
        <node3_x0023_node6
            jcr:primaryType="cq:WorkflowTransition"
            from="node3"
            to="node6">
            <metaData jcr:primaryType="nt:unstructured"/>
        </node3_x0023_node6>
    </transitions>
</jcr:root>
