<?xml version="1.0" encoding="UTF-8"?>
<jcr:root xmlns:jcr="http://www.jcp.org/jcr/1.0" xmlns:dam="http://www.day.com/dam/1.0" xmlns:nt="http://www.jcp.org/jcr/nt/1.0" xmlns:mix="http://www.jcp.org/jcr/mix/1.0" xmlns:cq="http://www.day.com/jcr/cq/1.0"
    jcr:isCheckedOut="{Boolean}true"
    jcr:mixinTypes="[mix:referenceable,mix:versionable]"
    jcr:primaryType="dam:Asset"
    jcr:uuid="2f8cb121-84f3-4d96-9684-38e2a19e1f04">
    <jcr:content
        cq:name="john-doe"
        cq:parentPath="/content/dam/my-project/en"
        jcr:lastModified="{Date}2022-06-24T21:25:44.722Z"
        jcr:lastModifiedBy="smali@adobe.com"
        jcr:primaryType="dam:AssetContent"
        jcr:title="John Doe"
        contentFragment="{Boolean}true"
        lastFragmentSave="{Date}2022-06-24T21:25:44.722Z">
        <data
            cq:model="/conf/my-project/settings/dam/cfm/models/person"
            jcr:primaryType="nt:unstructured">
            <master
                jcr:mixinTypes="[cq:Taggable,dam:cfVariationNode]"
                jcr:primaryType="nt:unstructured"
                biographyText="&lt;p>This is the biography of John doe!&lt;/p>&#xa;"
                biographyText_x0040_ContentType="text/html"
                biographyText_x0040_LastModified="{Date}2022-06-10T21:39:51.644Z"
                fullName="John Doe"
                fullName_x0040_LastModified="{Date}2022-06-10T21:39:51.639Z"
                occupation="[Artist,Influencer]"
                occupation_x0040_LastModified="{Date}2022-06-10T21:46:03.759Z"
                profilePicture="/content/dam/my-project/en/pics/john-doe.jpg"
                profilePicture_x0040_LastModified="{Date}2022-06-24T21:25:44.581Z"/>
            <alternate
                jcr:mixinTypes="[cq:Taggable,dam:cfVariationNode]"
                jcr:primaryType="nt:unstructured"
                _x0040_variationCreationDate="{Date}2022-06-10T21:46:18.228Z"
                biographyText="&lt;p>This is the &lt;b>alternative&lt;/b> biography of John doe!&amp;nbsp;&lt;/p>&#xa;"
                biographyText_x0040_ContentType="text/html"
                biographyText_x0040_LastModified="{Date}2022-06-10T21:53:01.332Z"
                fullName="John Doe"
                fullName_x0040_LastModified="{Date}2022-06-10T21:46:18.238Z"
                occupation="[Artist,Influencer]"
                occupation_x0040_LastModified="{Date}2022-06-10T21:46:18.239Z"
                profilePicture="/content/dam/wknd-shared/en/contributors/jacob_wester.jpg"
                profilePicture_x0040_LastModified="{Date}2022-06-10T21:46:18.239Z"/>
        </data>
        <metadata
            jcr:mixinTypes="[cq:Taggable]"
            jcr:primaryType="nt:unstructured"/>
        <model jcr:primaryType="nt:unstructured">
            <variations jcr:primaryType="nt:unstructured">
                <alternate
                    jcr:description="\0"
                    jcr:mixinTypes="[cq:Taggable]"
                    jcr:primaryType="nt:unstructured"
                    jcr:title="alternate"
                    name="alternate">
                    <properties
                        jcr:primaryType="nt:unstructured"
                        synchronizeWithVersion="[fullName:1dc98118-f200-4089-98fa-b913bfaacd9b,biographyText:1dc98118-f200-4089-98fa-b913bfaacd9b,profilePicture:1dc98118-f200-4089-98fa-b913bfaacd9b,occupation:1dc98118-f200-4089-98fa-b913bfaacd9b]"/>
                </alternate>
            </variations>
        </model>
        <related jcr:primaryType="nt:unstructured"/>
    </jcr:content>
</jcr:root>
