<?xml version="1.0" encoding="UTF-8"?>
<jcr:root xmlns:sling="http://sling.apache.org/jcr/sling/1.0" xmlns:cq="http://www.day.com/jcr/cq/1.0" xmlns:jcr="http://www.jcp.org/jcr/1.0" xmlns:rep="internal"
    jcr:mixinTypes="[rep:AccessControllable]"
    jcr:primaryType="sling:OrderedFolder">
    <rep:policy/>
    <dam/>
    <campaigns/>
    <projects/>
    <experience-fragments/>
    <cq:tags/>
    <usergenerated/>
    <core-components-examples/>
    <launches/>
    <communities/>
    <sites/>
    <forms/>
    <catalogs/>
    <screens/>
    <community/>
    <community-components/>
    <we-retail/>
    <xfaforms/>
    <apps/>
    <getad/>
    <testPrintChannel/>
    <testDF/>
    <testDermis/>
    <a.json/>
    <we-finance/>
    <aemforms-refsite/>
    <we-finance-welcomekit-data/>
    <we-finance-statement-data/>
    <GetInterestRates/>
    <aemforms-refsite-collaterals/>
    <ccrui/>
    <document/>
    <testFormsWorkflow/>
    <data/>
    <testCCMMigration/>
    <a.xml/>
    <radio.xml/>
    <sample1data.xml/>
    <_x0032_2.xml/>
    <af.xml/>
    <dt.xml/>
    <MFTest/>
</jcr:root>
