<?xml version="1.0" encoding="UTF-8"?>
<jcr:root xmlns:sling="http://sling.apache.org/jcr/sling/1.0" xmlns:cq="http://www.day.com/jcr/cq/1.0" xmlns:jcr="http://www.jcp.org/jcr/1.0" xmlns:nt="http://www.jcp.org/jcr/nt/1.0"
    jcr:isCheckedOut="{Boolean}false"
    jcr:primaryType="cq:WorkflowModel"
    jcr:uuid="2d57d0b4-0cb2-4e6c-9ed4-5291a6234ad8"
    sling:resourceType="cq/workflow/components/model"
    description="No Description"
    title="ReviewExpenseReport">
    <variables jcr:primaryType="nt:unstructured">
        <SubmittedData
            jcr:primaryType="nt:unstructured"
            name="SubmittedData"
            type="com.google.gson.JsonObject"/>
        <ManagersManager
            jcr:primaryType="nt:unstructured"
            description="The immediate manager's manager"
            name="ManagersManager"
            type="java.lang.String"/>
        <CustomRoutes
            jcr:primaryType="nt:unstructured"
            name="CustomRoutes"
            subType="java.lang.String"
            type="java.util.ArrayList"/>
        <ImmediateManager
            jcr:primaryType="nt:unstructured"
            description="Immediate Manager of the person submitting the form"
            name="ImmediateManager"
            type="java.lang.String"/>
        <managerRoute
            jcr:primaryType="nt:unstructured"
            name="managerRoute"
            type="java.lang.String"/>
    </variables>
    <metaData
        cq:generatingPage="/conf/global/settings/workflow/models/ReviewExpenseReport/jcr:content"
        cq:lastModified="{Long}1554225884567"
        cq:lastModifiedBy="admin"
        jcr:primaryType="nt:unstructured"/>
    <nodes jcr:primaryType="nt:unstructured">
        <node0
            jcr:primaryType="cq:WorkflowNode"
            title="Start"
            type="START">
            <metaData jcr:primaryType="nt:unstructured"/>
        </node0>
        <node1
            jcr:primaryType="cq:WorkflowNode"
            description="Set value of variables"
            title="Set Variable"
            type="PROCESS">
            <metaData
                jcr:primaryType="nt:unstructured"
                PROCESS="com.adobe.granite.workflow.core.process.SetVariableProcess"
                PROCESS_AUTO_ADVANCE="true"
                variableMappings="[{&quot;variableName&quot;:&quot;SubmittedData&quot;\,&quot;mappingType&quot;:&quot;RELATIVE_TO_PAYLOAD&quot;\,&quot;mappingValue&quot;:&quot;Data.json&quot;},{&quot;variableName&quot;:&quot;CustomRoutes&quot;\,&quot;mappingType&quot;:&quot;JSON_DOT_NOTATION&quot;\,&quot;mappingValue&quot;:&quot;SubmittedData:afData.afBoundData.data.Employee.managerchain.name&quot;},{&quot;variableName&quot;:&quot;ImmediateManager&quot;\,&quot;mappingType&quot;:&quot;JSON_DOT_NOTATION&quot;\,&quot;mappingValue&quot;:&quot;SubmittedData:afData.afBoundData.data.Employee.managerchain[0].name&quot;},{&quot;variableName&quot;:&quot;ManagersManager&quot;\,&quot;mappingType&quot;:&quot;JSON_DOT_NOTATION&quot;\,&quot;mappingValue&quot;:&quot;SubmittedData:afData.afBoundData.data.Employee.managerchain[1].name&quot;}]"/>
        </node1>
        <node2
            jcr:primaryType="cq:WorkflowNode"
            description="Review expense report"
            title="Assign to expense administrator"
            type="PROCESS">
            <metaData
                jcr:primaryType="nt:unstructured"
                DELEGATE_TO="workflow-users"
                DUEDATE_UNIT="OFF"
                DUEDATE_VALUE="[,]"
                DYNAMIC_ASSIGNEE="[,]"
                FORM_CHOOSER_SERVICE="com.adobe.fd.workflow.api.fdinternal.PayloadFormChooser"
                FORM_RESOLUTION="SERVICE"
                FORM_TYPE="AF"
                HISTORY_DOR="READONLY_AF"
                HTML_EMAIL_TEMPLATE_LOCATION="/libs/fd/dashboard/templates/email/htmlEmailTemplate.txt"
                icDataSourceType="PROVIDEDATADOCUMENT"
                INPUT_COMBINED_DATAXML="VARIABLE:SubmittedData"
                IS_ATTACHMENT_ALLOWED="true"
                IS_COMMENT_ALLOWED="true"
                IS_NEXT_STEP_DATA_ALLOWED="true"
                IS_PREVIOUS_STEP_DATA_ALLOWED="true"
                PARTICIPANT="workflow-users"
                PROCESS="com.adobe.fd.workspace.step.service.AssignFormStep"
                PROCESS_AUTO_ADVANCE="false"
                PROCESS_PARTICIPANT_TYPE="static"
                PROVIDE_METADATA="true"
                ROUTE_PROPERTYNAME="managerRoute"
                ROUTES="VARIABLE:CustomRoutes"
                SHOW_ACTION="true"
                SHOW_ASSIGNEE="true"
                SHOW_COMMENT="true"
                SHOW_DOCUMENT_OF_COMPLETED_TASK="true"
                SHOW_PRE_STEP_COMMENT_ATTACHMENT="true"
                SHOW_RESET="true"
                SHOW_SAVE="true"
                SHOW_SUBMIT="true"
                STATIC_ASSIGNEE="admin"
                SUBTYPE="forms:assigntask"
                TASK_PRIORITY="MEDIUM"
                TIMEOUT_HANDLER="[,]"
                USER_METADATA_RESOURCE="[,]"
                WORK_ITEM_TYPE="AF_ASSIGN_STEP"
                workflowStage="[,]"/>
        </node2>
        <node3
            jcr:primaryType="cq:WorkflowNode"
            title="OR_SPLIT"
            type="OR_SPLIT">
            <metaData jcr:primaryType="nt:unstructured"/>
        </node3>
        <node4
            jcr:primaryType="cq:WorkflowNode"
            title="OR_JOIN"
            type="OR_JOIN">
            <metaData jcr:primaryType="nt:unstructured"/>
        </node4>
        <node5
            jcr:primaryType="cq:WorkflowNode"
            description="Create and assign a task based on an adaptive form, non-interactive PDF, or interactive communication"
            title="Immediate Manager"
            type="PROCESS">
            <metaData
                jcr:primaryType="nt:unstructured"
                DELEGATE_TO="workflow-users"
                DUEDATE_UNIT="OFF"
                DUEDATE_VALUE="[,]"
                DYNAMIC_ASSIGNEE="[,]"
                FORM_CHOOSER_SERVICE="com.adobe.fd.workflow.api.fdinternal.PayloadFormChooser"
                FORM_RESOLUTION="SERVICE"
                FORM_TYPE="AF"
                HISTORY_DOR="READONLY_AF"
                HTML_EMAIL_TEMPLATE_LOCATION="/libs/fd/dashboard/templates/email/htmlEmailTemplate.txt"
                icDataSourceType="PROVIDEDATADOCUMENT"
                INPUT_COMBINED_DATAXML="VARIABLE:SubmittedData"
                IS_ATTACHMENT_ALLOWED="true"
                IS_COMMENT_ALLOWED="true"
                IS_NEXT_STEP_DATA_ALLOWED="true"
                IS_PREVIOUS_STEP_DATA_ALLOWED="true"
                PARTICIPANT="workflow-users"
                PROCESS="com.adobe.fd.workspace.step.service.AssignFormStep"
                PROCESS_AUTO_ADVANCE="false"
                PROCESS_PARTICIPANT_TYPE="static"
                PROVIDE_METADATA="true"
                ROUTE_PROPERTYNAME="managerRoute"
                SHOW_ACTION="true"
                SHOW_ASSIGNEE="true"
                SHOW_COMMENT="true"
                SHOW_DOCUMENT_OF_COMPLETED_TASK="true"
                SHOW_PRE_STEP_COMMENT_ATTACHMENT="true"
                SHOW_RESET="true"
                SHOW_SAVE="true"
                SHOW_SUBMIT="true"
                STATIC_ASSIGNEE="admin"
                SUBTYPE="forms:assigntask"
                TASK_PRIORITY="MEDIUM"
                TIMEOUT_HANDLER="[,]"
                USER_METADATA_RESOURCE="[,]"
                WORK_ITEM_TYPE="AF_ASSIGN_STEP"
                workflowStage="[,]"/>
        </node5>
        <node6
            jcr:primaryType="cq:WorkflowNode"
            description="Create and assign a task based on an adaptive form, non-interactive PDF, or interactive communication"
            title="Manager's Manager"
            type="PROCESS">
            <metaData
                jcr:primaryType="nt:unstructured"
                DELEGATE_TO="workflow-users"
                DUEDATE_UNIT="OFF"
                DUEDATE_VALUE="[,]"
                DYNAMIC_ASSIGNEE="[,]"
                FORM_CHOOSER_SERVICE="com.adobe.fd.workflow.api.fdinternal.PayloadFormChooser"
                FORM_RESOLUTION="SERVICE"
                FORM_TYPE="AF"
                HISTORY_DOR="READONLY_AF"
                HTML_EMAIL_TEMPLATE_LOCATION="/libs/fd/dashboard/templates/email/htmlEmailTemplate.txt"
                icDataSourceType="PROVIDEDATADOCUMENT"
                IS_ATTACHMENT_ALLOWED="true"
                IS_COMMENT_ALLOWED="true"
                IS_NEXT_STEP_DATA_ALLOWED="true"
                IS_PREVIOUS_STEP_DATA_ALLOWED="true"
                PARTICIPANT="workflow-users"
                PROCESS="com.adobe.fd.workspace.step.service.AssignFormStep"
                PROCESS_AUTO_ADVANCE="false"
                PROCESS_PARTICIPANT_TYPE="static"
                PROVIDE_METADATA="true"
                ROUTE_PROPERTYNAME="actionTaken"
                SHOW_ACTION="true"
                SHOW_ASSIGNEE="true"
                SHOW_COMMENT="true"
                SHOW_DOCUMENT_OF_COMPLETED_TASK="true"
                SHOW_PRE_STEP_COMMENT_ATTACHMENT="true"
                SHOW_RESET="true"
                SHOW_SAVE="true"
                SHOW_SUBMIT="true"
                STATIC_ASSIGNEE="admin"
                SUBTYPE="forms:assigntask"
                TASK_PRIORITY="MEDIUM"
                TIMEOUT_HANDLER="[,]"
                USER_METADATA_RESOURCE="[,]"
                WORK_ITEM_TYPE="AF_ASSIGN_STEP"
                workflowStage="[,]"/>
        </node6>
        <node7
            jcr:primaryType="cq:WorkflowNode"
            title="End"
            type="END">
            <metaData jcr:primaryType="nt:unstructured"/>
        </node7>
    </nodes>
    <transitions jcr:primaryType="nt:unstructured">
        <node0_x0023_node1
            jcr:primaryType="cq:WorkflowTransition"
            from="node0"
            rule=""
            to="node1">
            <metaData jcr:primaryType="nt:unstructured"/>
        </node0_x0023_node1>
        <node1_x0023_node2
            jcr:primaryType="cq:WorkflowTransition"
            from="node1"
            rule=""
            to="node2">
            <metaData jcr:primaryType="nt:unstructured"/>
        </node1_x0023_node2>
        <node2_x0023_node3
            jcr:primaryType="cq:WorkflowTransition"
            from="node2"
            to="node3">
            <metaData jcr:primaryType="nt:unstructured"/>
        </node2_x0023_node3>
        <node3_x0023_node5
            jcr:primaryType="cq:WorkflowTransition"
            from="node3"
            rule="\{&quot;nodeName&quot;:&quot;ROOT&quot;,&quot;items&quot;:[{&quot;nodeName&quot;:&quot;STATEMENT&quot;,&quot;choice&quot;:{&quot;nodeName&quot;:&quot;CONDITION&quot;,&quot;choice&quot;:{&quot;nodeName&quot;:&quot;COMPARISON_EXPRESSION&quot;,&quot;items&quot;:[{&quot;nodeName&quot;:&quot;EXPRESSION&quot;,&quot;choice&quot;:{&quot;nodeName&quot;:&quot;COMPONENT&quot;,&quot;value&quot;:{&quot;id&quot;:&quot;managerRoute&quot;,&quot;displayName&quot;:&quot;managerRoute&quot;,&quot;type&quot;:&quot;STRING&quot;,&quot;displayPath&quot;:&quot;workflow_variables/managerRoute/&quot;,&quot;name&quot;:&quot;managerRoute&quot;,&quot;parent&quot;:&quot;workflow_variables&quot;}}},{&quot;nodeName&quot;:&quot;OPERATOR&quot;,&quot;choice&quot;:{&quot;nodeName&quot;:&quot;EQUALS_TO&quot;,&quot;value&quot;:null}},{&quot;nodeName&quot;:&quot;EXPRESSION&quot;,&quot;choice&quot;:{&quot;nodeName&quot;:&quot;COMPONENT&quot;,&quot;value&quot;:{&quot;id&quot;:&quot;ImmediateManager&quot;,&quot;displayName&quot;:&quot;ImmediateManager&quot;,&quot;type&quot;:&quot;STRING&quot;,&quot;displayPath&quot;:&quot;workflow_variables/ImmediateManager/&quot;,&quot;name&quot;:&quot;ImmediateManager&quot;,&quot;parent&quot;:&quot;workflow_variables&quot;}}}]},&quot;nested&quot;:false}}],&quot;isValid&quot;:true,&quot;enabled&quot;:true,&quot;version&quot;:1}"
            to="node5">
            <metaData
                jcr:primaryType="nt:unstructured"
                isDefault="false"/>
        </node3_x0023_node5>
        <node5_x0023_node4
            jcr:primaryType="cq:WorkflowTransition"
            from="node5"
            to="node4">
            <metaData jcr:primaryType="nt:unstructured"/>
        </node5_x0023_node4>
        <node3_x0023_node6
            jcr:primaryType="cq:WorkflowTransition"
            from="node3"
            rule="\{&quot;nodeName&quot;:&quot;ROOT&quot;,&quot;items&quot;:[{&quot;nodeName&quot;:&quot;STATEMENT&quot;,&quot;choice&quot;:{&quot;nodeName&quot;:&quot;CONDITION&quot;,&quot;choice&quot;:{&quot;nodeName&quot;:&quot;COMPARISON_EXPRESSION&quot;,&quot;items&quot;:[{&quot;nodeName&quot;:&quot;EXPRESSION&quot;,&quot;choice&quot;:{&quot;nodeName&quot;:&quot;COMPONENT&quot;,&quot;value&quot;:{&quot;id&quot;:&quot;managerRoute&quot;,&quot;displayName&quot;:&quot;managerRoute&quot;,&quot;type&quot;:&quot;STRING&quot;,&quot;displayPath&quot;:&quot;workflow_variables/managerRoute/&quot;,&quot;name&quot;:&quot;managerRoute&quot;,&quot;parent&quot;:&quot;workflow_variables&quot;}}},{&quot;nodeName&quot;:&quot;OPERATOR&quot;,&quot;choice&quot;:{&quot;nodeName&quot;:&quot;EQUALS_TO&quot;,&quot;value&quot;:null}},{&quot;nodeName&quot;:&quot;EXPRESSION&quot;,&quot;choice&quot;:{&quot;nodeName&quot;:&quot;COMPONENT&quot;,&quot;value&quot;:{&quot;id&quot;:&quot;ManagersManager&quot;,&quot;displayName&quot;:&quot;ManagersManager&quot;,&quot;type&quot;:&quot;STRING&quot;,&quot;displayPath&quot;:&quot;workflow_variables/ManagersManager/&quot;,&quot;name&quot;:&quot;ManagersManager&quot;,&quot;parent&quot;:&quot;workflow_variables&quot;}}}]},&quot;nested&quot;:false}}],&quot;isValid&quot;:true,&quot;enabled&quot;:true,&quot;version&quot;:1}"
            to="node6">
            <metaData
                jcr:primaryType="nt:unstructured"
                isDefault="false"/>
        </node3_x0023_node6>
        <node6_x0023_node4
            jcr:primaryType="cq:WorkflowTransition"
            from="node6"
            to="node4">
            <metaData jcr:primaryType="nt:unstructured"/>
        </node6_x0023_node4>
        <node4_x0023_node7
            jcr:primaryType="cq:WorkflowTransition"
            from="node4"
            to="node7">
            <metaData jcr:primaryType="nt:unstructured"/>
        </node4_x0023_node7>
    </transitions>
</jcr:root>
