<?xml version="1.0" encoding="UTF-8"?>
<jcr:root xmlns:oak="http://jackrabbit.apache.org/oak/ns/1.0" xmlns:sling="http://sling.apache.org/jcr/sling/1.0" xmlns:jcr="http://www.jcp.org/jcr/1.0" xmlns:mix="http://www.jcp.org/jcr/mix/1.0" xmlns:rep="internal"
    jcr:mixinTypes="[mix:lockable,rep:AccessControllable,sling:Redirect]"
    jcr:primaryType="sling:OrderedFolder"
    jcr:title="Start Page"
    sling:resourceType="sling:redirect"
    sling:target="/content/we-retail">
    <dam/>
    <projects/>
    <campaigns/>
    <catalogs/>
    <we-retail/>
    <mobileapps/>
    <screens/>
    <rep:policy/>
    <oak:index/>
    <forms/>
    <usergenerated/>
    <xfaforms/>
    <dermis/>
    <fd/>
    <AemFormsSamples/>
    <apps/>
    <TFS/>
    <summit-hands-on/>
    <summitdemo/>
    <MNDHS/>
    <DemoListings/>
    <enablement/>
    <outputservice/>
    <DocServicesDummyFolder/>
    <DocumentServices/>
    <afapp/>
    <carmax/>
    <carmaxx/>
    <AemForms62DummyFolder/>
    <cmpost/>
    <cmportal/>
    <insertdata/>
    <Flyer/>
    <mobileformsubmit/>
</jcr:root>
