<?xml version="1.0" encoding="UTF-8"?>
<jcr:root xmlns:sling="http://sling.apache.org/jcr/sling/1.0" xmlns:fdm="http://www.adobe.com/aemfd/fdm/1.0" xmlns:jcr="http://www.jcp.org/jcr/1.0" xmlns:nt="http://www.jcp.org/jcr/nt/1.0"
    jcr:primaryType="sling:Folder">
    <jcr:content
        jcr:primaryType="nt:unstructured"
        name="postdortodam"
        rendition.handler.id="fdm.structure"
        title="PostDORToDAM">
        <definitions jcr:primaryType="nt:unstructured">
            <DamAsset_1516575587316
                fdm:binaryEntity="{Boolean}true"
                fdm:bindRef="DamAsset"
                fdm:defaultBinaryEntity="{Boolean}true"
                fdm:genericOperationAllowed="{Boolean}false"
                fdm:rootEntity="{Boolean}true"
                fdm:schemaName="DEFAULT_SCHEMA"
                fdm:source="source1"
                jcr:primaryType="nt:unstructured"
                id="DamAsset_1516575587316"
                name="DamAsset">
                <links jcr:primaryType="nt:unstructured"/>
                <properties jcr:primaryType="nt:unstructured">
                    <name
                        fdm:bindRef="name"
                        fdm:computed="{Boolean}false"
                        fdm:primaryKey="{Boolean}false"
                        fdm:protected="{Boolean}false"
                        fdm:required="{Boolean}false"
                        jcr:primaryType="nt:unstructured"
                        name="name"
                        type="string"/>
                    <url
                        fdm:bindRef="url"
                        fdm:computed="{Boolean}false"
                        fdm:primaryKey="{Boolean}false"
                        fdm:protected="{Boolean}false"
                        fdm:required="{Boolean}false"
                        jcr:primaryType="nt:unstructured"
                        name="url"
                        type="string"/>
                    <sizes
                        fdm:bindRef="sizes"
                        fdm:computed="{Boolean}false"
                        fdm:primaryKey="{Boolean}false"
                        fdm:protected="{Boolean}false"
                        fdm:required="{Boolean}false"
                        jcr:primaryType="nt:unstructured"
                        name="sizes"
                        type="string"/>
                </properties>
            </DamAsset_1516575587316>
        </definitions>
        <links jcr:primaryType="nt:unstructured">
            <post_content_damcreateassetjson15165755926070
                fdm:source="source1"
                jcr:primaryType="nt:unstructured"
                description="Store DOR In DAM"
                genericOperation="{Boolean}false"
                href="localhost:4502"
                id="POST /content/dam.createasset.json_15165755926070"
                method="POST"
                name="POST /content/dam.createasset.json"
                rel="DamAsset_1516575587316">
                <fdm:data jcr:primaryType="nt:unstructured"/>
                <schema
                    fdm:bindRef="schema"
                    fdm:computed="{Boolean}false"
                    fdm:primaryKey="{Boolean}false"
                    fdm:protected="{Boolean}false"
                    fdm:required="{Boolean}false"
                    jcr:primaryType="nt:unstructured"
                    description="operation input description"
                    name="schema"
                    type="object">
                    <properties jcr:primaryType="nt:unstructured">
                        <file
                            fdm:bindRef="file"
                            fdm:computed="{Boolean}false"
                            fdm:in="formData"
                            fdm:primaryKey="{Boolean}false"
                            fdm:protected="{Boolean}false"
                            fdm:required="{Boolean}true"
                            jcr:primaryType="nt:unstructured"
                            description="Binary object that needs to be added to the store"
                            format="binary"
                            name="file"
                            type="string"/>
                        <fileName
                            fdm:bindRef="fileName"
                            fdm:computed="{Boolean}false"
                            fdm:in="formData"
                            fdm:primaryKey="{Boolean}false"
                            fdm:protected="{Boolean}false"
                            fdm:required="{Boolean}true"
                            jcr:primaryType="nt:unstructured"
                            description="Name of the binary object"
                            name="fileName"
                            type="string"/>
                        <format
                            fdm:bindRef="format"
                            fdm:computed="{Boolean}false"
                            fdm:in="formData"
                            fdm:primaryKey="{Boolean}false"
                            fdm:protected="{Boolean}false"
                            fdm:required="{Boolean}true"
                            jcr:primaryType="nt:unstructured"
                            description="Format of response"
                            name="format"
                            type="string"/>
                    </properties>
                </schema>
                <targetSchema
                    fdm:bindRef="DamAsset"
                    fdm:computed="{Boolean}false"
                    fdm:primaryKey="{Boolean}false"
                    fdm:protected="{Boolean}false"
                    fdm:required="{Boolean}false"
                    jcr:primaryType="nt:unstructured"
                    name="DamAsset"
                    type="array">
                    <items
                        fdm:binaryEntity="{Boolean}false"
                        fdm:bindRef="items"
                        fdm:defaultBinaryEntity="{Boolean}false"
                        fdm:genericOperationAllowed="{Boolean}false"
                        fdm:rootEntity="{Boolean}true"
                        jcr:primaryType="nt:unstructured"
                        _x0024_ref="DamAsset_1516575587316"
                        name="items"
                        type="object">
                        <links jcr:primaryType="nt:unstructured"/>
                    </items>
                </targetSchema>
            </post_content_damcreateassetjson15165755926070>
        </links>
        <properties jcr:primaryType="nt:unstructured">
            <DamAsset_1516575587316
                fdm:computed="{Boolean}false"
                fdm:protected="{Boolean}false"
                fdm:required="{Boolean}false"
                jcr:primaryType="nt:unstructured"
                _x0024_ref="DamAsset_1516575587316"
                name="DamAsset_1516575587316"/>
        </properties>
    </jcr:content>
</jcr:root>
