{
    "$schema": "http://json-schema.org/draft-06/schema#",
    "$ref": "#/definitions/Welcome8",
    "definitions": {
        "Welcome8": {
            "type": "object",
            "additionalProperties": false,
            "properties": {
                "topmostSubform": {
                    "$ref": "#/definitions/TopmostSubform"
                }
            },
            "required": [
                "topmostSubform"
            ],
            "title": "Welcome8"
        },
        "TopmostSubform": {
            "type": "object",
            "additionalProperties": false,
            "properties": {
                "Pg1Header": {
                    "type": "string"
                },
                "ImportantThings": {
                    "$ref": "#/definitions/ImportantThings"
                },
                "c1_01_0_": {
                    "type": "string"
                },
                "f1_01_0_": {
                    "type": "string"
                },
                "ssn1": {
                    "type": "string"
                },
                "ssn2": {
                    "type": "string"
                },
                "ssn3": {
                    "type": "string"
                },
                "ssn4": {
                    "type": "string"
                },
                "ssn5": {
                    "type": "string"
                },
                "ssn6": {
                    "type": "string"
                },
                "ssn7": {
                    "type": "string"
                },
                "ssn8": {
                    "type": "string"
                },
                "ssn9": {
                    "type": "string"
                },
                "f1_18": {
                    "type": "string"
                },
                "first_name": {
                    "type": "string"
                },
                "middle_initial": {
                    "type": "string"
                },
                "last_name": {
                    "type": "string"
                },
                "f1_22": {
                    "type": "string"
                },
                "f1_23": {
                    "type": "string"
                },
                "f1_24": {
                    "type": "string"
                },
                "f1_25": {
                    "type": "string"
                },
                "f1_26": {
                    "type": "string"
                },
                "f1_27": {
                    "type": "string"
                },
                "f1_28": {
                    "type": "string"
                },
                "ptin1": {
                    "type": "string"
                },
                "ptin2": {
                    "type": "string"
                },
                "ptin3": {
                    "type": "string"
                },
                "ptin4": {
                    "type": "string"
                },
                "ptin5": {
                    "type": "string"
                },
                "ptin6": {
                    "type": "string"
                },
                "ptin7": {
                    "type": "string"
                },
                "ptin8": {
                    "type": "string"
                },
                "ptin9": {
                    "type": "string"
                },
                "Pg1Table": {
                    "$ref": "#/definitions/Pg1Table"
                },
                "Page2": {
                    "$ref": "#/definitions/Page2"
                },
                "Pg3Header": {
                    "type": "string"
                },
                "Col1": {
                    "$ref": "#/definitions/Col1"
                },
                "Col2": {
                    "type": "string"
                },
                "c1_02_0_": {
                    "type": "string",
                    "format": "integer"
                },
                "einy": {
                    "type": "string"
                },
                "einn": {
                    "type": "string"
                },
                "cfay": {
                    "type": "string"
                },
                "cfan": {
                    "type": "string"
                },
                "c2_02_0_": {
                    "type": "string"
                },
                "licy": {
                    "type": "string"
                },
                "licn": {
                    "type": "string"
                },
                "courty": {
                    "type": "string"
                },
                "courtn": {
                    "type": "string"
                },
                "felonyy": {
                    "type": "string"
                },
                "felonyn": {
                    "type": "string"
                },
                "irsdebarredy": {
                    "type": "string"
                },
                "irsdebarredn": {
                    "type": "string"
                },
                "cpay": {
                    "type": "string"
                },
                "cpan": {
                    "type": "string"
                },
                "attorneyy": {
                    "type": "string"
                },
                "attorneyn": {
                    "type": "string"
                }
            },
            "required": [
                "Col1",
                "Col2",
                "ImportantThings",
                "Page2",
                "Pg1Header",
                "Pg1Table",
                "Pg3Header",
                "attorneyn",
                "attorneyy",
                "c1_01_0_",
                "c1_02_0_",
                "c2_02_0_",
                "cfan",
                "cfay",
                "courtn",
                "courty",
                "cpan",
                "cpay",
                "einn",
                "einy",
                "f1_01_0_",
                "f1_18",
                "f1_22",
                "f1_23",
                "f1_24",
                "f1_25",
                "f1_26",
                "f1_27",
                "f1_28",
                "felonyn",
                "felonyy",
                "first_name",
                "irsdebarredn",
                "irsdebarredy",
                "last_name",
                "licn",
                "licy",
                "middle_initial",
                "ptin1",
                "ptin2",
                "ptin3",
                "ptin4",
                "ptin5",
                "ptin6",
                "ptin7",
                "ptin8",
                "ptin9",
                "ssn1",
                "ssn2",
                "ssn3",
                "ssn4",
                "ssn5",
                "ssn6",
                "ssn7",
                "ssn8",
                "ssn9"
            ],
            "title": "TopmostSubform"
        },
        "Col1": {
            "type": "object",
            "additionalProperties": false,
            "properties": {
                "list": {
                    "$ref": "#/definitions/ImportantThings"
                }
            },
            "required": [
                "list"
            ],
            "title": "Col1"
        },
        "ImportantThings": {
            "type": "object",
            "additionalProperties": false,
            "properties": {
                "item": {
                    "type": "array",
                    "items": {
                        "type": "string"
                    }
                }
            },
            "required": [
                "item"
            ],
            "title": "ImportantThings"
        },
        "Page2": {
            "type": "object",
            "additionalProperties": false,
            "properties": {
                "Pg2Header": {
                    "type": "string"
                },
                "f2_01": {
                    "type": "string"
                },
                "f2_02": {
                    "type": "string"
                },
                "f2_03": {
                    "type": "string"
                },
                "f2_04": {
                    "type": "string"
                },
                "f2_05": {
                    "type": "string"
                },
                "f2_06": {
                    "type": "string"
                },
                "f2_16": {
                    "type": "string"
                },
                "f2_17": {
                    "type": "string"
                },
                "f2_18": {
                    "type": "string"
                },
                "f2_19": {
                    "type": "string"
                },
                "f2_20": {
                    "type": "string"
                },
                "f2_21": {
                    "type": "string"
                },
                "f2_22": {
                    "type": "string"
                },
                "f2_23": {
                    "type": "string"
                },
                "f2_24": {
                    "type": "string"
                },
                "f2_25": {
                    "type": "string"
                }
            },
            "required": [
                "Pg2Header",
                "f2_01",
                "f2_02",
                "f2_03",
                "f2_04",
                "f2_05",
                "f2_06",
                "f2_16",
                "f2_17",
                "f2_18",
                "f2_19",
                "f2_20",
                "f2_21",
                "f2_22",
                "f2_23",
                "f2_24",
                "f2_25"
            ],
            "title": "Page2"
        },
        "Pg1Table": {
            "type": "object",
            "additionalProperties": false,
            "properties": {
                "HeaderRow": {
                    "type": "string"
                },
                "BodyRow1": {
                    "$ref": "#/definitions/BodyRow1"
                },
                "BodyRow2": {
                    "$ref": "#/definitions/BodyRow2"
                },
                "BodyRow3": {
                    "$ref": "#/definitions/BodyRow3"
                }
            },
            "required": [
                "BodyRow1",
                "BodyRow2",
                "BodyRow3",
                "HeaderRow"
            ],
            "title": "Pg1Table"
        },
        "BodyRow1": {
            "type": "object",
            "additionalProperties": false,
            "properties": {
                "f1_50": {
                    "type": "string"
                },
                "f1_51": {
                    "type": "string"
                },
                "business_addess": {
                    "$ref": "#/definitions/BusinessAddess"
                }
            },
            "required": [
                "business_addess",
                "f1_50",
                "f1_51"
            ],
            "title": "BodyRow1"
        },
        "BusinessAddess": {
            "type": "object",
            "additionalProperties": false,
            "properties": {
                "street_address": {
                    "type": "string"
                },
                "city_state_zip": {
                    "type": "string"
                }
            },
            "required": [
                "city_state_zip",
                "street_address"
            ],
            "title": "BusinessAddess"
        },
        "BodyRow2": {
            "type": "object",
            "additionalProperties": false,
            "properties": {
                "f1_53": {
                    "type": "string"
                },
                "f1_54": {
                    "type": "string"
                },
                "business_addess": {
                    "$ref": "#/definitions/BusinessAddess"
                }
            },
            "required": [
                "business_addess",
                "f1_53",
                "f1_54"
            ],
            "title": "BodyRow2"
        },
        "BodyRow3": {
            "type": "object",
            "additionalProperties": false,
            "properties": {
                "f1_56": {
                    "type": "string"
                },
                "f1_57": {
                    "type": "string"
                },
                "business_addess": {
                    "$ref": "#/definitions/BusinessAddess"
                }
            },
            "required": [
                "business_addess",
                "f1_56",
                "f1_57"
            ],
            "title": "BodyRow3"
        }
    }
}
