<?xml version="1.0" encoding="UTF-8"?>
<jcr:root xmlns:sling="http://sling.apache.org/jcr/sling/1.0" xmlns:fdm="http://www.adobe.com/aemfd/fdm/1.0" xmlns:jcr="http://www.jcp.org/jcr/1.0" xmlns:nt="http://www.jcp.org/jcr/nt/1.0"
    jcr:primaryType="sling:Folder">
    <jcr:content
        jcr:primaryType="nt:unstructured"
        name="growth"
        rendition.handler.id="fdm.structure"
        title="Growth">
        <definitions jcr:primaryType="nt:unstructured">
            <fund
                fdm:binaryEntity="{Boolean}false"
                fdm:bindRef=""
                fdm:defaultBinaryEntity="{Boolean}false"
                fdm:genericOperationAllowed="{Boolean}false"
                fdm:rootEntity="{Boolean}false"
                jcr:primaryType="nt:unstructured"
                id="fund"
                name="fund"
                title="Fund">
                <links jcr:primaryType="nt:unstructured"/>
                <properties jcr:primaryType="nt:unstructured">
                    <Name
                        fdm:bindRef=""
                        fdm:computed="{Boolean}false"
                        fdm:nullable="{Boolean}true"
                        fdm:primaryKey="{Boolean}false"
                        fdm:protected="{Boolean}false"
                        fdm:required="{Boolean}false"
                        jcr:primaryType="nt:unstructured"
                        name="Name"
                        title="Name"
                        type="string"/>
                    <Performances
                        fdm:bindRef="Performances"
                        fdm:computed="{Boolean}false"
                        fdm:nullable="{Boolean}true"
                        fdm:primaryKey="{Boolean}false"
                        fdm:protected="{Boolean}false"
                        fdm:required="{Boolean}false"
                        jcr:primaryType="nt:unstructured"
                        id="Performances"
                        name="Performances"
                        type="array">
                        <items
                            fdm:binaryEntity="{Boolean}false"
                            fdm:bindRef="items"
                            fdm:defaultBinaryEntity="{Boolean}false"
                            fdm:genericOperationAllowed="{Boolean}false"
                            fdm:rootEntity="{Boolean}true"
                            jcr:primaryType="nt:unstructured"
                            _x0024_ref="performance"
                            name="items">
                            <links jcr:primaryType="nt:unstructured"/>
                        </items>
                    </Performances>
                </properties>
            </fund>
            <performance
                fdm:binaryEntity="{Boolean}false"
                fdm:bindRef=""
                fdm:defaultBinaryEntity="{Boolean}false"
                fdm:genericOperationAllowed="{Boolean}false"
                fdm:rootEntity="{Boolean}false"
                jcr:primaryType="nt:unstructured"
                id="performance"
                name="performance"
                title="Performance">
                <links jcr:primaryType="nt:unstructured"/>
                <properties jcr:primaryType="nt:unstructured">
                    <Year
                        fdm:bindRef=""
                        fdm:computed="{Boolean}false"
                        fdm:nullable="{Boolean}true"
                        fdm:primaryKey="{Boolean}false"
                        fdm:protected="{Boolean}false"
                        fdm:required="{Boolean}false"
                        jcr:primaryType="nt:unstructured"
                        name="Year"
                        title="Year"
                        type="string"/>
                    <Amount
                        fdm:bindRef=""
                        fdm:computed="{Boolean}false"
                        fdm:nullable="{Boolean}true"
                        fdm:primaryKey="{Boolean}false"
                        fdm:protected="{Boolean}false"
                        fdm:required="{Boolean}false"
                        jcr:primaryType="nt:unstructured"
                        format="float"
                        name="Amount"
                        title="Amount"
                        type="number"/>
                </properties>
            </performance>
            <organization
                fdm:binaryEntity="{Boolean}false"
                fdm:bindRef=""
                fdm:defaultBinaryEntity="{Boolean}false"
                fdm:genericOperationAllowed="{Boolean}false"
                fdm:rootEntity="{Boolean}true"
                jcr:primaryType="nt:unstructured"
                id="organization"
                name="organization"
                title="Organization">
                <links jcr:primaryType="nt:unstructured"/>
                <properties jcr:primaryType="nt:unstructured">
                    <Funds
                        fdm:bindRef="Funds"
                        fdm:computed="{Boolean}false"
                        fdm:nullable="{Boolean}true"
                        fdm:primaryKey="{Boolean}false"
                        fdm:protected="{Boolean}false"
                        fdm:required="{Boolean}false"
                        jcr:primaryType="nt:unstructured"
                        id="Funds"
                        name="Funds"
                        type="array">
                        <items
                            fdm:binaryEntity="{Boolean}false"
                            fdm:bindRef="items"
                            fdm:defaultBinaryEntity="{Boolean}false"
                            fdm:genericOperationAllowed="{Boolean}false"
                            fdm:rootEntity="{Boolean}true"
                            jcr:primaryType="nt:unstructured"
                            _x0024_ref="fund"
                            name="items">
                            <links jcr:primaryType="nt:unstructured"/>
                        </items>
                    </Funds>
                </properties>
            </organization>
        </definitions>
        <links jcr:primaryType="nt:unstructured"/>
        <properties jcr:primaryType="nt:unstructured">
            <organization
                fdm:computed="{Boolean}false"
                fdm:nullable="{Boolean}true"
                fdm:protected="{Boolean}false"
                fdm:required="{Boolean}false"
                jcr:primaryType="nt:unstructured"
                _x0024_ref="organization"
                name="organization"/>
        </properties>
    </jcr:content>
</jcr:root>
