<?xml version="1.0" encoding="UTF-8"?>
<jcr:root xmlns:jcr="http://www.jcp.org/jcr/1.0" xmlns:nt="http://www.jcp.org/jcr/nt/1.0" xmlns:sling="http://sling.apache.org/jcr/sling/1.0" xmlns:fdm="http://www.adobe.com/aemfd/fdm/1.0"
    jcr:primaryType="sling:Folder">
    <jcr:content
        jcr:primaryType="nt:unstructured"
        name="sendgridemail"
        rendition.handler.id="fdm.structure"
        title="SendGridEmail">
        <definitions jcr:primaryType="nt:unstructured">
            <sendgridpayload
                fdm:binaryEntity="{Boolean}false"
                fdm:bindRef="sendgridpayload"
                fdm:defaultBinaryEntity="{Boolean}false"
                fdm:genericOperationAllowed="{Boolean}false"
                fdm:rootEntity="{Boolean}false"
                fdm:schemaName="DEFAULT_SCHEMA"
                fdm:source="source1"
                jcr:primaryType="nt:unstructured"
                id="sendgridpayload"
                name="sendgridpayload">
                <links jcr:primaryType="nt:unstructured"/>
                <properties jcr:primaryType="nt:unstructured">
                    <template_id
                        fdm:bindRef="template_id"
                        fdm:computed="{Boolean}false"
                        fdm:freeForm="{Boolean}false"
                        fdm:metadataKey="{Boolean}false"
                        fdm:nullable="{Boolean}true"
                        fdm:primaryKey="{Boolean}false"
                        fdm:protected="{Boolean}false"
                        fdm:required="{Boolean}false"
                        jcr:primaryType="nt:unstructured"
                        name="template_id"
                        title="template_id"
                        type="string"/>
                    <personalizations
                        fdm:bindRef="personalizations"
                        fdm:computed="{Boolean}false"
                        fdm:freeForm="{Boolean}false"
                        fdm:metadataKey="{Boolean}false"
                        fdm:nullable="{Boolean}true"
                        fdm:primaryKey="{Boolean}false"
                        fdm:protected="{Boolean}false"
                        fdm:required="{Boolean}false"
                        jcr:primaryType="nt:unstructured"
                        name="personalizations"
                        title="personalizations"
                        type="array">
                        <items
                            jcr:primaryType="nt:unstructured"
                            _x0024_ref="personalizationsitems"
                            type="object"/>
                    </personalizations>
                    <from
                        fdm:bindRef="from"
                        fdm:computed="{Boolean}false"
                        fdm:freeForm="{Boolean}false"
                        fdm:metadataKey="{Boolean}false"
                        fdm:nullable="{Boolean}true"
                        fdm:primaryKey="{Boolean}false"
                        fdm:protected="{Boolean}false"
                        fdm:required="{Boolean}false"
                        jcr:primaryType="nt:unstructured"
                        name="from"
                        title="from"
                        type="object">
                        <properties jcr:primaryType="nt:unstructured">
                            <email
                                fdm:bindRef="email"
                                fdm:computed="{Boolean}false"
                                fdm:freeForm="{Boolean}false"
                                fdm:metadataKey="{Boolean}false"
                                fdm:nullable="{Boolean}true"
                                fdm:primaryKey="{Boolean}false"
                                fdm:protected="{Boolean}false"
                                fdm:required="{Boolean}false"
                                jcr:primaryType="nt:unstructured"
                                name="email"
                                title="email"
                                type="string"/>
                        </properties>
                    </from>
                    <subject
                        fdm:bindRef="subject"
                        fdm:computed="{Boolean}false"
                        fdm:freeForm="{Boolean}false"
                        fdm:metadataKey="{Boolean}false"
                        fdm:nullable="{Boolean}true"
                        fdm:primaryKey="{Boolean}false"
                        fdm:protected="{Boolean}false"
                        fdm:required="{Boolean}false"
                        jcr:primaryType="nt:unstructured"
                        name="subject"
                        title="subject"
                        type="string"/>
                    <content
                        fdm:bindRef="content"
                        fdm:computed="{Boolean}false"
                        fdm:freeForm="{Boolean}false"
                        fdm:metadataKey="{Boolean}false"
                        fdm:nullable="{Boolean}true"
                        fdm:primaryKey="{Boolean}false"
                        fdm:protected="{Boolean}false"
                        fdm:required="{Boolean}false"
                        jcr:primaryType="nt:unstructured"
                        name="content"
                        title="content"
                        type="array">
                        <items
                            jcr:primaryType="nt:unstructured"
                            _x0024_ref="contentitem"
                            type="object"/>
                    </content>
                </properties>
            </sendgridpayload>
            <returnvalue
                fdm:binaryEntity="{Boolean}false"
                fdm:bindRef="returnvalue"
                fdm:defaultBinaryEntity="{Boolean}false"
                fdm:genericOperationAllowed="{Boolean}false"
                fdm:rootEntity="{Boolean}true"
                fdm:schemaName="DEFAULT_SCHEMA"
                fdm:source="source1"
                jcr:primaryType="nt:unstructured"
                id="returnvalue"
                name="returnvalue">
                <links jcr:primaryType="nt:unstructured"/>
                <properties jcr:primaryType="nt:unstructured">
                    <request_id
                        fdm:bindRef="request_id"
                        fdm:computed="{Boolean}false"
                        fdm:freeForm="{Boolean}false"
                        fdm:metadataKey="{Boolean}false"
                        fdm:nullable="{Boolean}true"
                        fdm:primaryKey="{Boolean}false"
                        fdm:protected="{Boolean}false"
                        fdm:required="{Boolean}false"
                        jcr:primaryType="nt:unstructured"
                        name="request_id"
                        title="request_id"
                        type="string"/>
                    <status
                        fdm:bindRef="status"
                        fdm:computed="{Boolean}false"
                        fdm:freeForm="{Boolean}false"
                        fdm:metadataKey="{Boolean}false"
                        fdm:nullable="{Boolean}true"
                        fdm:primaryKey="{Boolean}false"
                        fdm:protected="{Boolean}false"
                        fdm:required="{Boolean}false"
                        jcr:primaryType="nt:unstructured"
                        name="status"
                        title="status"
                        type="string"/>
                </properties>
            </returnvalue>
            <personalizationsitems
                fdm:binaryEntity="{Boolean}false"
                fdm:bindRef="personalizationsitems"
                fdm:defaultBinaryEntity="{Boolean}false"
                fdm:genericOperationAllowed="{Boolean}false"
                fdm:rootEntity="{Boolean}false"
                fdm:schemaName="DEFAULT_SCHEMA"
                fdm:source="source1"
                jcr:primaryType="nt:unstructured"
                id="personalizationsitems"
                name="personalizationsitems">
                <links jcr:primaryType="nt:unstructured"/>
                <properties jcr:primaryType="nt:unstructured">
                    <dynamic_template_data
                        fdm:bindRef="dynamic_template_data"
                        fdm:computed="{Boolean}false"
                        fdm:freeForm="{Boolean}false"
                        fdm:metadataKey="{Boolean}false"
                        fdm:nullable="{Boolean}true"
                        fdm:primaryKey="{Boolean}false"
                        fdm:protected="{Boolean}false"
                        fdm:required="{Boolean}false"
                        jcr:primaryType="nt:unstructured"
                        name="dynamic_template_data"
                        title="dynamic_template_data"
                        type="object">
                        <properties jcr:primaryType="nt:unstructured">
                            <blobID
                                fdm:bindRef="blobID"
                                fdm:computed="{Boolean}false"
                                fdm:freeForm="{Boolean}false"
                                fdm:metadataKey="{Boolean}false"
                                fdm:nullable="{Boolean}true"
                                fdm:primaryKey="{Boolean}false"
                                fdm:protected="{Boolean}false"
                                fdm:required="{Boolean}false"
                                jcr:primaryType="nt:unstructured"
                                name="blobID"
                                title="blobID"
                                type="string"/>
                            <customerName
                                fdm:bindRef="customerName"
                                fdm:computed="{Boolean}false"
                                fdm:freeForm="{Boolean}false"
                                fdm:metadataKey="{Boolean}false"
                                fdm:nullable="{Boolean}true"
                                fdm:primaryKey="{Boolean}false"
                                fdm:protected="{Boolean}false"
                                fdm:required="{Boolean}false"
                                jcr:primaryType="nt:unstructured"
                                name="customerName"
                                title="customerName"
                                type="string"/>
                        </properties>
                    </dynamic_template_data>
                    <to
                        fdm:bindRef="to"
                        fdm:computed="{Boolean}false"
                        fdm:freeForm="{Boolean}false"
                        fdm:metadataKey="{Boolean}false"
                        fdm:nullable="{Boolean}true"
                        fdm:primaryKey="{Boolean}false"
                        fdm:protected="{Boolean}false"
                        fdm:required="{Boolean}false"
                        jcr:primaryType="nt:unstructured"
                        name="to"
                        title="to"
                        type="array">
                        <items
                            jcr:primaryType="nt:unstructured"
                            _x0024_ref="toitems"
                            type="object"/>
                    </to>
                </properties>
            </personalizationsitems>
            <toitems
                fdm:binaryEntity="{Boolean}false"
                fdm:bindRef="toitems"
                fdm:defaultBinaryEntity="{Boolean}false"
                fdm:genericOperationAllowed="{Boolean}false"
                fdm:rootEntity="{Boolean}false"
                fdm:schemaName="DEFAULT_SCHEMA"
                fdm:source="source1"
                jcr:primaryType="nt:unstructured"
                id="toitems"
                name="toitems">
                <links jcr:primaryType="nt:unstructured"/>
                <properties jcr:primaryType="nt:unstructured">
                    <email
                        fdm:bindRef="email"
                        fdm:computed="{Boolean}false"
                        fdm:freeForm="{Boolean}false"
                        fdm:metadataKey="{Boolean}false"
                        fdm:nullable="{Boolean}true"
                        fdm:primaryKey="{Boolean}false"
                        fdm:protected="{Boolean}false"
                        fdm:required="{Boolean}false"
                        jcr:primaryType="nt:unstructured"
                        name="email"
                        title="email"
                        type="string"/>
                </properties>
            </toitems>
            <contentitem
                fdm:binaryEntity="{Boolean}false"
                fdm:bindRef="contentitem"
                fdm:defaultBinaryEntity="{Boolean}false"
                fdm:genericOperationAllowed="{Boolean}false"
                fdm:rootEntity="{Boolean}false"
                fdm:schemaName="DEFAULT_SCHEMA"
                fdm:source="source1"
                jcr:primaryType="nt:unstructured"
                id="contentitem"
                name="contentitem">
                <links jcr:primaryType="nt:unstructured"/>
                <properties jcr:primaryType="nt:unstructured">
                    <type
                        fdm:bindRef="type"
                        fdm:computed="{Boolean}false"
                        fdm:freeForm="{Boolean}false"
                        fdm:metadataKey="{Boolean}false"
                        fdm:nullable="{Boolean}true"
                        fdm:primaryKey="{Boolean}false"
                        fdm:protected="{Boolean}false"
                        fdm:required="{Boolean}false"
                        jcr:primaryType="nt:unstructured"
                        name="type"
                        title="type"
                        type="string"/>
                    <value
                        fdm:bindRef="value"
                        fdm:computed="{Boolean}false"
                        fdm:freeForm="{Boolean}false"
                        fdm:metadataKey="{Boolean}false"
                        fdm:nullable="{Boolean}true"
                        fdm:primaryKey="{Boolean}false"
                        fdm:protected="{Boolean}false"
                        fdm:required="{Boolean}false"
                        jcr:primaryType="nt:unstructured"
                        name="value"
                        title="value"
                        type="string"/>
                </properties>
            </contentitem>
        </definitions>
        <links jcr:primaryType="nt:unstructured">
            <post_mail_send
                fdm:source="source1"
                jcr:primaryType="nt:unstructured"
                description="Send Email"
                genericOperation="{Boolean}false"
                href="api.sendgrid.com/v3"
                id="POST /mail/send"
                method="POST"
                name="POST /mail/send">
                <fdm:data jcr:primaryType="nt:unstructured"/>
                <schema
                    fdm:bindRef="schema"
                    fdm:computed="{Boolean}false"
                    fdm:freeForm="{Boolean}false"
                    fdm:metadataKey="{Boolean}false"
                    fdm:nullable="{Boolean}true"
                    fdm:primaryKey="{Boolean}false"
                    fdm:protected="{Boolean}false"
                    fdm:required="{Boolean}false"
                    jcr:primaryType="nt:unstructured"
                    description="operation input description"
                    name="schema"
                    type="object">
                    <properties jcr:primaryType="nt:unstructured">
                        <sendgridpayload
                            fdm:bindRef="sendgridpayload"
                            fdm:computed="{Boolean}false"
                            fdm:freeForm="{Boolean}false"
                            fdm:in="body"
                            fdm:metadataKey="{Boolean}false"
                            fdm:nullable="{Boolean}true"
                            fdm:primaryKey="{Boolean}false"
                            fdm:protected="{Boolean}false"
                            fdm:required="{Boolean}true"
                            jcr:primaryType="nt:unstructured"
                            _x0024_ref="sendgridpayload"
                            description="Payload for Send Grind"
                            name="sendgridpayload"
                            type="object"/>
                    </properties>
                </schema>
                <targetSchema
                    fdm:bindRef="returnvalue"
                    fdm:computed="{Boolean}false"
                    fdm:freeForm="{Boolean}false"
                    fdm:metadataKey="{Boolean}false"
                    fdm:nullable="{Boolean}true"
                    fdm:primaryKey="{Boolean}false"
                    fdm:protected="{Boolean}false"
                    fdm:required="{Boolean}false"
                    jcr:primaryType="nt:unstructured"
                    _x0024_ref="returnvalue"
                    name="returnvalue"
                    type="object"/>
            </post_mail_send>
        </links>
        <properties jcr:primaryType="nt:unstructured">
            <returnvalue
                fdm:computed="{Boolean}false"
                fdm:nullable="{Boolean}true"
                fdm:protected="{Boolean}false"
                fdm:required="{Boolean}false"
                jcr:primaryType="nt:unstructured"
                _x0024_ref="returnvalue"
                name="returnvalue"/>
        </properties>
    </jcr:content>
</jcr:root>
