<?xml version="1.0" encoding="UTF-8"?>
<jcr:root xmlns:jcr="http://www.jcp.org/jcr/1.0" xmlns:nt="http://www.jcp.org/jcr/nt/1.0"
    jcr:primaryType="nt:unstructured">
    <fp jcr:primaryType="nt:unstructured">
        <extensions jcr:primaryType="nt:unstructured">
            <querybuilder jcr:primaryType="nt:unstructured">
                <basepath
                    jcr:primaryType="nt:unstructured"
                    path="/content/dam"/>
                <assettypes jcr:primaryType="nt:unstructured">
                    <worddocuments
                        jcr:primaryType="nt:unstructured"
                        jcr:title="Word Documents"
                        type="worddocuments">
                        <searchcriteria jcr:primaryType="nt:unstructured">
                            <documenttype
                                jcr:primaryType="nt:unstructured"
                                name="./jcr:content/metadata/dam:Application"
                                value="Microsoft Office Word"/>
                        </searchcriteria>
                    </worddocuments>
                    <mp4files
                        jcr:primaryType="nt:unstructured"
                        jcr:title="Mp4 Files"
                        type="videos">
                        <searchcriteria jcr:primaryType="nt:unstructured">
                            <filetypes
                                jcr:primaryType="nt:unstructured"
                                name="./jcr:content/metadata/dc:format"
                                value="video/mp4"/>
                        </searchcriteria>
                    </mp4files>
                </assettypes>
            </querybuilder>
        </extensions>
    </fp>
</jcr:root>
