<?xml version="1.0" encoding="UTF-8"?>
<jcr:root xmlns:sling="http://sling.apache.org/jcr/sling/1.0" xmlns:cq="http://www.day.com/jcr/cq/1.0" xmlns:jcr="http://www.jcp.org/jcr/1.0" xmlns:nt="http://www.jcp.org/jcr/nt/1.0"
    jcr:primaryType="cq:Page">
    <jcr:content
        cq:lastModified="{Date}2018-04-09T14:11:28.743-04:00"
        cq:lastModifiedBy="admin"
        cq:template="/conf/wknd/settings/wcm/templates/landing-page-template"
        jcr:primaryType="cq:PageContent"
        jcr:title="Home"
        sling:resourceType="wknd/components/structure/page">
        <root
            jcr:primaryType="nt:unstructured"
            sling:resourceType="wcm/foundation/components/responsivegrid">
            <responsivegrid
                jcr:created="{Date}2018-02-07T14:16:32.256-05:00"
                jcr:createdBy="admin"
                jcr:lastModified="{Date}2018-02-07T14:17:55.147-05:00"
                jcr:lastModifiedBy="admin"
                jcr:primaryType="nt:unstructured"
                sling:resourceType="wcm/foundation/components/responsivegrid"/>
        </root>
    </jcr:content>
    <art/>
    <bars/>
    <sport/>
    <music/>
    <restaurants/>
    <shopping/>
    <restaurant/>
</jcr:root>
