{

	"$schema": "http://json-schema.org/draft-07/schema#",
	"description": "A representation of a person, company, organization, or place",
	"type": "object",
	"properties": {
		"expense": {
			"type": "array",
			"items": {
				"properties": {
					"description": {
						"type": "string"

					},
					"amount": {
						"type": "number"
					}
				}

			},
			"minItems": 1,
			"maxItems": 4
		},
		"Employee": {
			"type": "object",
			"properties": {
				"Name": {
					"type": "string"
				},
				"Department": {
					"type": "string"
				},
				"managerchain": {
					"type": "array",
					"items": {
						"properties": {
							"name": {
								"type": "string"
							}
						}
					}
				}
			}
		}

	}

}