<?xml version="1.0" encoding="UTF-8"?>
<jcr:root xmlns:sling="http://sling.apache.org/jcr/sling/1.0" xmlns:cq="http://www.day.com/jcr/cq/1.0" xmlns:jcr="http://www.jcp.org/jcr/1.0" xmlns:nt="http://www.jcp.org/jcr/nt/1.0"
    jcr:isCheckedOut="{Boolean}false"
    jcr:primaryType="cq:WorkflowModel"
    jcr:uuid="c49d017f-c947-4a87-8cb6-f8587926f17a"
    sling:resourceType="cq/workflow/components/model"
    description="No Description"
    title="SignMultipleForms">
    <variables jcr:primaryType="nt:unstructured">
        <customerEmail
            jcr:primaryType="nt:unstructured"
            name="customerEmail"
            type="java.lang.String"/>
        <formData
            jcr:primaryType="nt:unstructured"
            name="formData"
            type="org.w3c.dom.Document"/>
        <customerName
            jcr:primaryType="nt:unstructured"
            name="customerName"
            type="java.lang.String"/>
    </variables>
    <metaData
        cq:generatingPage="/conf/global/settings/workflow/models/signmultipleforms/jcr:content"
        cq:lastModified="{Long}1610409603707"
        cq:lastModifiedBy="admin"
        jcr:primaryType="nt:unstructured"/>
    <nodes jcr:primaryType="nt:unstructured">
        <node0
            jcr:primaryType="cq:WorkflowNode"
            title="Start"
            type="START">
            <metaData jcr:primaryType="nt:unstructured"/>
        </node0>
        <node1
            jcr:primaryType="cq:WorkflowNode"
            description="Initialize the formData variable. From the formData variable extract the customerEmail and customerName values"
            title="Initialize workflow variables"
            type="PROCESS">
            <metaData
                jcr:primaryType="nt:unstructured"
                PROCESS="com.adobe.granite.workflow.core.process.SetVariableProcess"
                PROCESS_AUTO_ADVANCE="true"
                variableMappings="[{&quot;variableName&quot;:&quot;formData&quot;\,&quot;mappingType&quot;:&quot;RELATIVE_TO_PAYLOAD&quot;\,&quot;mappingValue&quot;:&quot;Data.xml&quot;},{&quot;variableName&quot;:&quot;customerEmail&quot;\,&quot;mappingType&quot;:&quot;XPATH&quot;\,&quot;mappingValue&quot;:&quot;formData:/afData/afUnboundData/data/customerEmail&quot;},{&quot;variableName&quot;:&quot;customerName&quot;\,&quot;mappingType&quot;:&quot;XPATH&quot;\,&quot;mappingValue&quot;:&quot;formData:/afData/afUnboundData/data/customerName&quot;}]"/>
        </node1>
        <node2
            jcr:primaryType="cq:WorkflowNode"
            title="Store Forms To Sign "
            type="PROCESS">
            <metaData
                jcr:primaryType="nt:unstructured"
                PROCESS="com.aem.forms.signmultipleforms.StoreFormsToSignWorkflowStep"
                PROCESS_ARGS="http://localhost:4502"
                PROCESS_AUTO_ADVANCE="true"/>
        </node2>
        <node3
            jcr:primaryType="cq:WorkflowNode"
            description="Use the email step to send an HTML email. For example, you can use the email step to send a document of record, adaptive form and interactive communication link, and a PDF document on completion of a workflow."
            title="Send e-mail notification to the signer"
            type="PROCESS">
            <metaData
                jcr:primaryType="nt:unstructured"
                bccAddressType="Literal"
                ccAddressType="Literal"
                emailSubject="Please sign the forms"
                fromAddressType="Literal"
                fromAddressValue="we@adobe.com"
                hiddenCheckbox="[false,false,false]"
                hiddenIsFormsAsset="[false,false,false]"
                Key="[applicant,creditapplication,applicantName]"
                PROCESS="com.adobe.fd.workflow.email.SendEmailStep"
                PROCESS_AUTO_ADVANCE="true"
                subjectType="Literal"
                templatemetadatatype="[Variable,Metadata,Variable]"
                templatePath="/apps/dpc/emailTemplates/documentsforsigning.html"
                toAddressType="Variable"
                toAddressValue="customerEmail"
                urlPath="[,,]"
                Value="[customerName,formURL,customerName]"/>
        </node3>
        <node4
            jcr:primaryType="cq:WorkflowNode"
            title="End"
            type="END">
            <metaData jcr:primaryType="nt:unstructured"/>
        </node4>
    </nodes>
    <transitions jcr:primaryType="nt:unstructured">
        <node0_x0023_node1
            jcr:primaryType="cq:WorkflowTransition"
            from="node0"
            rule=""
            to="node1">
            <metaData jcr:primaryType="nt:unstructured"/>
        </node0_x0023_node1>
        <node1_x0023_node2
            jcr:primaryType="cq:WorkflowTransition"
            from="node1"
            rule=""
            to="node2">
            <metaData jcr:primaryType="nt:unstructured"/>
        </node1_x0023_node2>
        <node2_x0023_node3
            jcr:primaryType="cq:WorkflowTransition"
            from="node2"
            rule=""
            to="node3">
            <metaData jcr:primaryType="nt:unstructured"/>
        </node2_x0023_node3>
        <node3_x0023_node4
            jcr:primaryType="cq:WorkflowTransition"
            from="node3"
            to="node4">
            <metaData jcr:primaryType="nt:unstructured"/>
        </node3_x0023_node4>
    </transitions>
</jcr:root>
