<?xml version="1.0" encoding="UTF-8"?>
<jcr:root xmlns:sling="http://sling.apache.org/jcr/sling/1.0" xmlns:cq="http://www.day.com/jcr/cq/1.0" xmlns:jcr="http://www.jcp.org/jcr/1.0" xmlns:nt="http://www.jcp.org/jcr/nt/1.0"
    jcr:primaryType="nt:unstructured"
    jcr:title="Welcome Kit Generator"
    sling:resourceType="cq/gui/components/authoring/dialog"
    helpPath="https://opensource.adobe.com/asset-share-commons/press-kit.html">
    <content
        jcr:primaryType="nt:unstructured"
        sling:resourceType="granite/ui/components/coral/foundation/tabs">
        <items jcr:primaryType="nt:unstructured">
            <common
                cq:hideOnEdit="true"
                jcr:primaryType="nt:unstructured"/>
            <process
                cq:hideOnEdit="true"
                jcr:primaryType="nt:unstructured"/>
            <processcommon
                jcr:primaryType="nt:unstructured"
                jcr:title="Common"
                sling:resourceType="granite/ui/components/coral/foundation/fixedcolumns">
                <items jcr:primaryType="nt:unstructured">
                    <column
                        jcr:primaryType="nt:unstructured"
                        sling:resourceType="granite/ui/components/coral/foundation/container">
                        <items jcr:primaryType="nt:unstructured">
                            <basic
                                jcr:primaryType="nt:unstructured"
                                sling:resourceType="granite/ui/components/coral/foundation/form/fieldset">
                                <items jcr:primaryType="nt:unstructured">
                                    <title
                                        jcr:primaryType="nt:unstructured"
                                        sling:resourceType="granite/ui/components/coral/foundation/form/textfield"
                                        disabled="false"
                                        fieldLabel="Title"
                                        name="./jcr:title"/>
                                    <description
                                        jcr:primaryType="nt:unstructured"
                                        sling:resourceType="granite/ui/components/coral/foundation/form/textarea"
                                        disabled="false"
                                        fieldLabel="Description"
                                        name="./jcr:description"/>
                                </items>
                            </basic>
                            <advanced
                                jcr:primaryType="nt:unstructured"
                                jcr:title="Advanced Settings"
                                sling:resourceType="granite/ui/components/coral/foundation/form/fieldset">
                                <items jcr:primaryType="nt:unstructured">
                                    <advance
                                        jcr:primaryType="nt:unstructured"
                                        sling:resourceType="granite/ui/components/coral/foundation/form/checkbox"
                                        fieldDescription="Check if your handler will advance to the next step."
                                        fieldLabel="Handler Advance"
                                        name="./metaData/PROCESS_AUTO_ADVANCE"
                                        text="Handler Advance"
                                        value="true"/>
                                </items>
                            </advanced>
                        </items>
                    </column>
                </items>
            </processcommon>
            <processargs
                jcr:primaryType="nt:unstructured"
                jcr:title="Arguments"
                sling:resourceType="granite/ui/components/coral/foundation/fixedcolumns">
                <items jcr:primaryType="nt:unstructured">
                    <column
                        jcr:primaryType="nt:unstructured"
                        sling:resourceType="granite/ui/components/coral/foundation/container">
                        <items jcr:primaryType="nt:unstructured">
                            <arguments
                                jcr:primaryType="nt:unstructured"
                                jcr:title="Please specify your requirements"
                                sling:resourceType="granite/ui/components/coral/foundation/form/fieldset">
                                <items jcr:primaryType="nt:unstructured">
                                    <root-page-path
                                        jcr:primaryType="nt:unstructured"
                                        sling:resourceType="granite/ui/components/coral/foundation/form/textfield"
                                        emptyText="Defaults to: /content/welcome-kits"
                                        fieldLabel=" Folder to store the generated welcome kit"
                                        name="./metaData/ROOT_PATH_PATH"
                                        required="{Boolean}true"
                                        rootPath="/content"/>
                                    <template-path
                                        jcr:primaryType="nt:unstructured"
                                        sling:resourceType="granite/ui/components/coral/foundation/form/pathfield"
                                        fieldLabel="Welcome kit page template path"
                                        name="./metaData/WELCOME_KIT_PAGE_TEMPLATE_PATH"
                                        required="{Boolean}true"
                                        rootPath="/conf"/>
                                    <welcome-kit-resource-type
                                        jcr:primaryType="nt:unstructured"
                                        sling:resourceType="granite/ui/components/coral/foundation/form/textfield"
                                        emptyText="AEMFormsDemoListings/components/welcome-kit"
                                        fieldLabel="Welcome kit component resource type"
                                        name="./metaData/WELCOME_KIT_COMPONENT_RESOURCE_TYPE"
                                        required="{Boolean}true"/>
                                </items>
                            </arguments>
                        </items>
                    </column>
                </items>
            </processargs>
        </items>
    </content>
</jcr:root>
