<?xml version="1.0" encoding="UTF-8"?>
<jcr:root xmlns:oak="http://jackrabbit.apache.org/oak/ns/1.0" xmlns:sling="http://sling.apache.org/jcr/sling/1.0" xmlns:cq="http://www.day.com/jcr/cq/1.0" xmlns:jcr="http://www.jcp.org/jcr/1.0" xmlns:rep="internal"
    jcr:mixinTypes="[rep:AccessControllable]"
    jcr:primaryType="sling:OrderedFolder">
    <rep:policy/>
    <dam/>
    <experience-fragments/>
    <cq:tags/>
    <projects/>
    <usergenerated/>
    <screens/>
    <catalogs/>
    <launches/>
    <campaigns/>
    <communities/>
    <sites/>
    <forms/>
    <community/>
    <community-components/>
    <we-retail/>
    <oak:index/>
    <xfaforms/>
    <apps/>
    <ocrfiles/>
    <ocr/>
    <DocServicesDummyFolder/>
    <samples/>
    <UnitedGirish_Page_1.tiff/>
    <DemoListings/>
    <AemForms/>
    <fetchprintad/>
    <ConradSimmsData.json_1549318438433/>
    <AemFormsSamples/>
    <barcodedpdf/>
    <DocumentServices/>
    <DemoServerBundles/>
    <core-components-examples/>
    <_x0033_funds.json/>
    <fetchic/>
    <wknd-events/>
</jcr:root>
