<?xml version="1.0" encoding="UTF-8"?>
<jcr:root xmlns:sling="http://sling.apache.org/jcr/sling/1.0" xmlns:fdm="http://www.adobe.com/aemfd/fdm/1.0" xmlns:jcr="http://www.jcp.org/jcr/1.0" xmlns:nt="http://www.jcp.org/jcr/nt/1.0"
    jcr:primaryType="sling:Folder">
    <jcr:content
        jcr:primaryType="nt:unstructured"
        name="geonames"
        rendition.handler.id="fdm.structure"
        title="geonames">
        <definitions jcr:primaryType="nt:unstructured">
            <returnvalue
                fdm:binaryEntity="{Boolean}false"
                fdm:bindRef="returnvalue"
                fdm:defaultBinaryEntity="{Boolean}false"
                fdm:genericOperationAllowed="{Boolean}false"
                fdm:rootEntity="{Boolean}true"
                fdm:schemaName="DEFAULT_SCHEMA"
                fdm:source="source1"
                jcr:primaryType="nt:unstructured"
                id="returnvalue"
                name="returnvalue">
                <links jcr:primaryType="nt:unstructured"/>
                <properties jcr:primaryType="nt:unstructured">
                    <geonames
                        fdm:bindRef="geonames"
                        fdm:computed="{Boolean}false"
                        fdm:nullable="{Boolean}true"
                        fdm:primaryKey="{Boolean}false"
                        fdm:protected="{Boolean}false"
                        fdm:required="{Boolean}false"
                        jcr:primaryType="nt:unstructured"
                        name="geonames"
                        title="geonames"
                        type="array">
                        <items
                            fdm:binaryEntity="{Boolean}false"
                            fdm:bindRef="items"
                            fdm:defaultBinaryEntity="{Boolean}false"
                            fdm:genericOperationAllowed="{Boolean}false"
                            fdm:rootEntity="{Boolean}true"
                            jcr:primaryType="nt:unstructured"
                            _x0024_ref="geoname"
                            name="items"
                            type="object">
                            <links jcr:primaryType="nt:unstructured"/>
                        </items>
                    </geonames>
                </properties>
            </returnvalue>
            <geoname
                fdm:binaryEntity="{Boolean}false"
                fdm:bindRef="geoname"
                fdm:defaultBinaryEntity="{Boolean}false"
                fdm:genericOperationAllowed="{Boolean}false"
                fdm:rootEntity="{Boolean}false"
                fdm:schemaName="DEFAULT_SCHEMA"
                fdm:source="source1"
                jcr:primaryType="nt:unstructured"
                id="geoname"
                name="geoname">
                <links jcr:primaryType="nt:unstructured"/>
                <properties jcr:primaryType="nt:unstructured">
                    <continent
                        fdm:bindRef="continent"
                        fdm:computed="{Boolean}false"
                        fdm:nullable="{Boolean}true"
                        fdm:primaryKey="{Boolean}false"
                        fdm:protected="{Boolean}false"
                        fdm:required="{Boolean}false"
                        jcr:primaryType="nt:unstructured"
                        name="continent"
                        title="continent"
                        type="string"/>
                    <geonameId
                        fdm:bindRef="geonameId"
                        fdm:computed="{Boolean}false"
                        fdm:nullable="{Boolean}true"
                        fdm:primaryKey="{Boolean}false"
                        fdm:protected="{Boolean}false"
                        fdm:required="{Boolean}false"
                        jcr:primaryType="nt:unstructured"
                        name="geonameId"
                        title="geonameId"
                        type="string"/>
                    <continentName
                        fdm:bindRef="continentName"
                        fdm:computed="{Boolean}false"
                        fdm:nullable="{Boolean}true"
                        fdm:primaryKey="{Boolean}false"
                        fdm:protected="{Boolean}false"
                        fdm:required="{Boolean}false"
                        jcr:primaryType="nt:unstructured"
                        name="continentName"
                        title="continentName"
                        type="string"/>
                    <countryName
                        fdm:bindRef="countryName"
                        fdm:computed="{Boolean}false"
                        fdm:nullable="{Boolean}true"
                        fdm:primaryKey="{Boolean}false"
                        fdm:protected="{Boolean}false"
                        fdm:required="{Boolean}false"
                        jcr:primaryType="nt:unstructured"
                        name="countryName"
                        title="countryName"
                        type="string"/>
                </properties>
            </geoname>
        </definitions>
        <links jcr:primaryType="nt:unstructured">
            <get_countryinfojson
                fdm:source="source1"
                jcr:primaryType="nt:unstructured"
                description="Fetch All Countries"
                genericOperation="{Boolean}false"
                href="api.geonames.org"
                id="GET /countryInfoJSON"
                method="GET"
                name="GET /countryInfoJSON">
                <fdm:data jcr:primaryType="nt:unstructured"/>
                <schema
                    fdm:bindRef="schema"
                    fdm:computed="{Boolean}false"
                    fdm:nullable="{Boolean}true"
                    fdm:primaryKey="{Boolean}false"
                    fdm:protected="{Boolean}false"
                    fdm:required="{Boolean}false"
                    jcr:primaryType="nt:unstructured"
                    description="operation input description"
                    name="schema"
                    type="object">
                    <properties jcr:primaryType="nt:unstructured">
                        <username
                            fdm:bindRef="username"
                            fdm:computed="{Boolean}false"
                            fdm:in="query"
                            fdm:nullable="{Boolean}true"
                            fdm:primaryKey="{Boolean}false"
                            fdm:protected="{Boolean}false"
                            fdm:required="{Boolean}false"
                            jcr:primaryType="nt:unstructured"
                            description="Username of the geonames user"
                            name="username"
                            type="string"/>
                    </properties>
                </schema>
                <targetSchema
                    fdm:bindRef="returnvalue"
                    fdm:computed="{Boolean}false"
                    fdm:nullable="{Boolean}true"
                    fdm:primaryKey="{Boolean}false"
                    fdm:protected="{Boolean}false"
                    fdm:required="{Boolean}false"
                    jcr:primaryType="nt:unstructured"
                    _x0024_ref="returnvalue"
                    name="returnvalue"
                    type="object"/>
            </get_countryinfojson>
        </links>
        <properties jcr:primaryType="nt:unstructured">
            <returnvalue
                fdm:computed="{Boolean}false"
                fdm:nullable="{Boolean}true"
                fdm:protected="{Boolean}false"
                fdm:required="{Boolean}false"
                jcr:primaryType="nt:unstructured"
                _x0024_ref="returnvalue"
                name="returnvalue"/>
        </properties>
    </jcr:content>
</jcr:root>
