<?xml version="1.0" encoding="UTF-8"?>
<jcr:root xmlns:sling="http://sling.apache.org/jcr/sling/1.0" xmlns:cq="http://www.day.com/jcr/cq/1.0" xmlns:jcr="http://www.jcp.org/jcr/1.0" xmlns:mix="http://www.jcp.org/jcr/mix/1.0" xmlns:nt="http://www.jcp.org/jcr/nt/1.0"
    jcr:primaryType="cq:Page">
    <jcr:content
        cq:lastModified="{Date}2018-04-09T15:09:09.299-04:00"
        cq:lastModifiedBy="admin"
        cq:template="/conf/we-retail/settings/wcm/templates/experience-fragment-web-variation"
        cq:xfVariantType="web"
        jcr:isCheckedOut="{Boolean}true"
        jcr:mixinTypes="[mix:versionable]"
        jcr:primaryType="cq:PageContent"
        jcr:title="Pop-up Promotion"
        jcr:uuid="b59960ae-1c03-43fa-907f-a1e1eec99cfa"
        sling:resourceType="weretail/components/structure/xfpage">
        <root
            jcr:lastModified="{Date}2016-11-22T17:31:48.669+02:00"
            jcr:lastModifiedBy="admin"
            jcr:primaryType="nt:unstructured"
            sling:resourceType="wcm/foundation/components/responsivegrid">
            <image
                jcr:created="{Date}2018-04-09T14:03:05.569-04:00"
                jcr:createdBy="admin"
                jcr:lastModified="{Date}2018-04-09T14:03:05.569-04:00"
                jcr:lastModifiedBy="admin"
                jcr:primaryType="nt:unstructured"
                sling:resourceType="weretail/components/content/image"
                fileReference="/content/dam/we-retail/en/products/apparel/coats/El Gordo Green.jpg">
                <cq:responsive jcr:primaryType="nt:unstructured">
                    <default
                        jcr:primaryType="nt:unstructured"
                        width="5"/>
                </cq:responsive>
            </image>
            <title
                jcr:created="{Date}2018-04-09T14:03:15.376-04:00"
                jcr:createdBy="admin"
                jcr:lastModified="{Date}2018-04-09T14:05:17.273-04:00"
                jcr:lastModifiedBy="admin"
                jcr:primaryType="nt:unstructured"
                jcr:title="The New El Gordo Jacket"
                sling:resourceType="weretail/components/content/title"
                type="h2">
                <cq:responsive jcr:primaryType="nt:unstructured">
                    <default
                        jcr:primaryType="nt:unstructured"
                        width="6"/>
                </cq:responsive>
            </title>
            <text
                jcr:created="{Date}2018-04-09T14:04:04.729-04:00"
                jcr:createdBy="admin"
                jcr:lastModified="{Date}2018-04-09T14:07:10.385-04:00"
                jcr:lastModifiedBy="admin"
                jcr:primaryType="nt:unstructured"
                sling:resourceType="weretail/components/content/text"
                text="&lt;p>Maecenas sed diam eget risus varius blandit sit amet non magna. Duis mollis, est non commodo luctus, nisi erat porttitor ligula, eget lacinia odio sem nec elit. Donec ullamcorper nulla non metus auctor fringilla.&lt;/p>&#xa;"
                textIsRich="true">
                <cq:responsive jcr:primaryType="nt:unstructured">
                    <default
                        jcr:primaryType="nt:unstructured"
                        width="6"/>
                </cq:responsive>
            </text>
            <button
                jcr:created="{Date}2018-04-09T14:04:21.984-04:00"
                jcr:createdBy="admin"
                jcr:lastModified="{Date}2018-04-09T14:04:45.704-04:00"
                jcr:lastModifiedBy="admin"
                jcr:primaryType="nt:unstructured"
                sling:resourceType="weretail/components/content/button"
                label="Buy Now"
                linkTo="/content/we-retail/us/en/products/men/coats/el-gordo-down-jacket">
                <cq:responsive jcr:primaryType="nt:unstructured">
                    <default
                        jcr:primaryType="nt:unstructured"
                        width="3"/>
                </cq:responsive>
            </button>
        </root>
    </jcr:content>
</jcr:root>
