<?xml version="1.0" encoding="UTF-8"?>
<jcr:root xmlns:sling="http://sling.apache.org/jcr/sling/1.0" xmlns:cq="http://www.day.com/jcr/cq/1.0" xmlns:jcr="http://www.jcp.org/jcr/1.0" xmlns:nt="http://www.jcp.org/jcr/nt/1.0"
    jcr:primaryType="cq:Page">
    <jcr:content
        cq:lastModified="{Date}2018-03-19T22:18:09.116-07:00"
        cq:lastModifiedBy="reference-adjustment-service"
        cq:template="/conf/we-retail/settings/wcm/templates/weretail-store"
        jcr:primaryType="cq:PageContent"
        jcr:title="WeRetail Store"
        sling:resourceType="weretail/components/structure/page">
        <root
            jcr:lastModified="{Date}2017-10-11T12:42:41.586-07:00"
            jcr:lastModifiedBy="admin"
            jcr:primaryType="nt:unstructured"
            sling:resourceType="wcm/foundation/components/responsivegrid">
            <contentfragment
                jcr:created="{Date}2017-10-11T14:03:13.716-07:00"
                jcr:createdBy="admin"
                jcr:lastModified="{Date}2017-10-11T22:51:46.294-07:00"
                jcr:lastModifiedBy="admin"
                jcr:primaryType="nt:unstructured"
                sling:resourceType="core/wcm/sandbox/components/contentfragment/v1/contentfragment"
                elementNames="[storelocation,address,contactnumber,openinghours,description,dateopened,events,tags]"
                fragmentPath="/content/dam/we-retail/en/we-retail-stores/we-retail-store-san-francisco">
                <cq:responsive jcr:primaryType="nt:unstructured">
                    <default
                        jcr:primaryType="nt:unstructured"
                        width="6"/>
                </cq:responsive>
            </contentfragment>
            <contentfragment_1684352083
                jcr:created="{Date}2017-10-11T14:03:18.361-07:00"
                jcr:createdBy="admin"
                jcr:lastModified="{Date}2017-10-11T14:05:52.412-07:00"
                jcr:lastModifiedBy="admin"
                jcr:primaryType="nt:unstructured"
                sling:resourceType="core/wcm/sandbox/components/contentfragment/v1/contentfragment"
                elementNames="reference"
                fragmentPath="/content/dam/we-retail/en/we-retail-stores/we-retail-store-san-jose">
                <cq:responsive jcr:primaryType="nt:unstructured">
                    <default
                        jcr:primaryType="nt:unstructured"
                        width="6"/>
                </cq:responsive>
            </contentfragment_1684352083>
            <footer
                jcr:created="{Date}2017-10-12T01:20:00.025-07:00"
                jcr:createdBy="admin"
                jcr:lastModified="{Date}2017-10-12T01:20:00.025-07:00"
                jcr:lastModifiedBy="admin"
                jcr:primaryType="nt:unstructured"
                sling:resourceType="weretail/components/structure/footer"/>
            <contentfragment_1348144025
                jcr:created="{Date}2017-10-12T01:20:21.729-07:00"
                jcr:createdBy="admin"
                jcr:lastModified="{Date}2017-10-12T01:21:45.318-07:00"
                jcr:lastModifiedBy="admin"
                jcr:primaryType="nt:unstructured"
                sling:resourceType="weretail/sandbox/components/contentfragment"
                elementNames="[storelocation,address,contactnumber,openinghours,description,dateopened,events]"
                fragmentPath="/content/dam/we-retail/en/we-retail-stores/we-retail-store-san-francisco">
                <cq:responsive jcr:primaryType="nt:unstructured">
                    <default
                        jcr:primaryType="nt:unstructured"
                        width="6"/>
                </cq:responsive>
            </contentfragment_1348144025>
            <contentfragment_1182614338
                jcr:created="{Date}2017-10-12T01:20:29.619-07:00"
                jcr:createdBy="admin"
                jcr:lastModified="{Date}2017-10-12T01:22:02.274-07:00"
                jcr:lastModifiedBy="admin"
                jcr:primaryType="nt:unstructured"
                sling:resourceType="weretail/sandbox/components/contentfragment"
                elementNames="reference"
                fragmentPath="/content/dam/we-retail/en/we-retail-stores/we-retail-store-san-jose">
                <cq:responsive jcr:primaryType="nt:unstructured">
                    <default
                        jcr:primaryType="nt:unstructured"
                        width="6"/>
                </cq:responsive>
            </contentfragment_1182614338>
        </root>
    </jcr:content>
</jcr:root>
