<?xml version="1.0" encoding="UTF-8"?>
<jcr:root xmlns:dam="http://www.day.com/dam/1.0" xmlns:cq="http://www.day.com/jcr/cq/1.0" xmlns:jcr="http://www.jcp.org/jcr/1.0" xmlns:mix="http://www.jcp.org/jcr/mix/1.0" xmlns:nt="http://www.jcp.org/jcr/nt/1.0"
    jcr:isCheckedOut="{Boolean}true"
    jcr:mixinTypes="[mix:referenceable,mix:versionable]"
    jcr:primaryType="dam:Asset"
    jcr:uuid="787ff5d8-72d1-401a-a152-d944185ade82">
    <jcr:content
        cq:name="sandra-sprient"
        cq:parentPath="/content/dam/we-retail/en/athletes"
        jcr:description=""
        jcr:lastModified="{Date}2018-05-14T15:15:58.461-04:00"
        jcr:lastModifiedBy="admin"
        jcr:primaryType="dam:AssetContent"
        jcr:title="Sandra Sprient"
        contentFragment="{Boolean}true"
        lastFragmentSave="{Date}2018-05-14T15:15:58.461-04:00">
        <data
            cq:model="/conf/we-retail/settings/dam/cfm/models/athlete"
            jcr:primaryType="nt:unstructured">
            <master
                jcr:primaryType="nt:unstructured"
                biographyText="&lt;p>Sandra Sprient was the first Canadian woman to win 3 gold medals in the 2016 World Track Championship.&lt;/p>&#xa;&lt;p>Born on April 1, 1985, in Glenn Shores, Sandra Sprient was a unhealthy baby who was frequently in and out of&amp;nbsp;hospitals. She overcame her health issues in her teenage years and competed at the provincial level in 2003, Games.&lt;/p>&#xa;&lt;p>After attending Schnoor University in Ontario, Sprient transferred to the University of Los Jose in Vancouver, where she quickly earned a reputation as a track star. She became a champion in 2008 with a victory in the 100 meter event. The following year, she took the home first place in the 400 meter.&lt;/p>&#xa;&lt;p>Following her gold metal win at the 2012, 2013, and 2014 Alberta invitations, she began training with then gold medalists Mallory Fox, who held records in the 50, 100 meter dashes. Under the tutelage of Coach Bob, she improved her times by at least 3 seconds across the board.&lt;/p>&#xa;&lt;p>Sprient and Bob's hard work paid off at the 2016 World Track Championship, held in New York City, USA. She took home three gold medals, in the 50 meter relay, and the 100 and 200 meter sprints; as well as a silver medal in the 400 meter relay.&lt;/p>&#xa;"
                biographyText_x0040_ContentType="text/html"
                biographyText_x0040_LastModified="{Date}2018-05-14T15:15:05.893-04:00"
                fullName="Sandra Sprient"
                fullName_x0040_LastModified="{Date}2018-05-14T15:15:05.892-04:00"
                nationality="Canadian"
                nationality_x0040_LastModified="{Date}2018-05-14T15:15:05.894-04:00"
                pictureReference="/content/dam/we-retail/en/activities/running/running_1.jpg"
                pictureReference_x0040_LastModified="{Date}2018-05-14T15:15:05.893-04:00"
                sportsTags="[we-retail:activity/running]"
                sportsTags_x0040_LastModified="{Date}2018-05-14T15:15:05.894-04:00"/>
            <summary
                jcr:primaryType="nt:unstructured"
                biographyText="&lt;p>Sandra Sprient was the first Canadian woman to win 3 gold medals in the 2016 World Track Championship.&lt;/p>&#xa;&lt;p>Sprient's hard work paid off at the 2016 World Track Championship, held in New York City, USA. She took home three gold medals, in the 50 meter relay, and the 100 and 200 meter sprints; as well as a silver medal in the 400 meter relay.&lt;br>&#xa;&lt;/p>&#xa;"
                biographyText_x0040_ContentType="text/html"
                biographyText_x0040_LastModified="{Date}2018-05-14T15:15:58.382-04:00"
                fullName="Sandra Sprient"
                fullName_x0040_LastModified="{Date}2018-05-14T15:15:58.381-04:00"
                nationality="Canadian"
                nationality_x0040_LastModified="{Date}2018-05-14T15:15:58.385-04:00"
                pictureReference="/content/dam/we-retail/en/activities/running/running_1.jpg"
                pictureReference_x0040_LastModified="{Date}2018-05-14T15:15:58.383-04:00"
                sportsTags="[we-retail:activity/running]"
                sportsTags_x0040_LastModified="{Date}2018-05-14T15:15:58.384-04:00"/>
        </data>
        <metadata
            jcr:mixinTypes="[cq:Taggable]"
            jcr:primaryType="nt:unstructured"/>
        <model jcr:primaryType="nt:unstructured">
            <variations jcr:primaryType="nt:unstructured">
                <summary
                    jcr:description=""
                    jcr:primaryType="nt:unstructured"
                    jcr:title="Summary"
                    name="summary">
                    <properties
                        jcr:primaryType="nt:unstructured"
                        synchronizeWithVersion="[biographyText:3b4fa544-10ee-4de4-972e-07e9d6439b09,pictureReference:3b4fa544-10ee-4de4-972e-07e9d6439b09,sportsTags:3b4fa544-10ee-4de4-972e-07e9d6439b09,nationality:3b4fa544-10ee-4de4-972e-07e9d6439b09,fullName:99525491-abe2-40a7-82c6-5f094c7fb89d]"/>
                </summary>
            </variations>
        </model>
        <related jcr:primaryType="nt:unstructured"/>
        <usages
            dam:score="{Long}2"
            jcr:primaryType="nt:unstructured"
            usedBy="[aem]">
            <aem
                jcr:primaryType="nt:unstructured"
                count="{Long}2"
                lastUsed="{Date}2018-05-15T10:03:22.466-04:00"/>
        </usages>
    </jcr:content>
</jcr:root>
