<?xml version="1.0" encoding="UTF-8"?>
<jcr:root xmlns:sling="http://sling.apache.org/jcr/sling/1.0" xmlns:cq="http://www.day.com/jcr/cq/1.0" xmlns:jcr="http://www.jcp.org/jcr/1.0" xmlns:nt="http://www.jcp.org/jcr/nt/1.0"
    jcr:isCheckedOut="{Boolean}false"
    jcr:primaryType="cq:WorkflowModel"
    jcr:uuid="5837c9e0-125b-4abe-94f1-04729a5a7fe7"
    sling:resourceType="cq/workflow/components/model"
    description="No Description"
    title="assembleattachments">
    <variables jcr:primaryType="nt:unstructured">
        <submittedData
            jcr:primaryType="nt:unstructured"
            name="submittedData"
            type="org.w3c.dom.Document"/>
        <assembledPDF
            jcr:primaryType="nt:unstructured"
            name="assembledPDF"
            type="com.adobe.aemfd.docmanager.Document"/>
    </variables>
    <metaData
        cq:generatingPage="/conf/global/settings/workflow/models/assembleattachments/jcr:content"
        cq:lastModified="{Long}1602106636801"
        cq:lastModifiedBy="admin"
        jcr:primaryType="nt:unstructured"/>
    <nodes jcr:primaryType="nt:unstructured">
        <node0
            jcr:primaryType="cq:WorkflowNode"
            title="Start"
            type="START">
            <metaData jcr:primaryType="nt:unstructured"/>
        </node0>
        <node1
            jcr:primaryType="cq:WorkflowNode"
            description="This custom code assembles the form attachments in the order specified by the process arguments."
            title="Assemble Form Attachments"
            type="PROCESS">
            <metaData
                jcr:primaryType="nt:unstructured"
                PROCESS="com.aemforms.assembletaskattachments.core.AssembleTaskAttachmentsInOrder"
                PROCESS_ARGS="idcard,bankstatements"
                PROCESS_AUTO_ADVANCE="true"/>
        </node1>
        <node2
            jcr:primaryType="cq:WorkflowNode"
            description="Set value of variables"
            title="Initialize assembledPDF variable"
            type="PROCESS">
            <metaData
                jcr:primaryType="nt:unstructured"
                PROCESS="com.adobe.granite.workflow.core.process.SetVariableProcess"
                PROCESS_AUTO_ADVANCE="true"
                variableMappings="\{&quot;variableName&quot;:&quot;assembledPDF&quot;,&quot;mappingType&quot;:&quot;RELATIVE_TO_PAYLOAD&quot;,&quot;mappingValue&quot;:&quot;assembled-pdf.pdf&quot;}"/>
        </node2>
        <node3
            jcr:primaryType="cq:WorkflowNode"
            title="End"
            type="END">
            <metaData jcr:primaryType="nt:unstructured"/>
        </node3>
    </nodes>
    <transitions jcr:primaryType="nt:unstructured">
        <node0_x0023_node1
            jcr:primaryType="cq:WorkflowTransition"
            from="node0"
            rule=""
            to="node1">
            <metaData jcr:primaryType="nt:unstructured"/>
        </node0_x0023_node1>
        <node1_x0023_node2
            jcr:primaryType="cq:WorkflowTransition"
            from="node1"
            rule=""
            to="node2">
            <metaData jcr:primaryType="nt:unstructured"/>
        </node1_x0023_node2>
        <node2_x0023_node3
            jcr:primaryType="cq:WorkflowTransition"
            from="node2"
            to="node3">
            <metaData jcr:primaryType="nt:unstructured"/>
        </node2_x0023_node3>
    </transitions>
</jcr:root>
