<?xml version="1.0" encoding="UTF-8"?>
<jcr:root xmlns:sling="http://sling.apache.org/jcr/sling/1.0" xmlns:cq="http://www.day.com/jcr/cq/1.0" xmlns:jcr="http://www.jcp.org/jcr/1.0" xmlns:nt="http://www.jcp.org/jcr/nt/1.0"
    jcr:isCheckedOut="{Boolean}false"
    jcr:primaryType="cq:WorkflowModel"
    jcr:uuid="13b0843e-9fd0-4bdb-af20-52af13eb7d18"
    sling:resourceType="cq/workflow/components/model"
    description="No Description"
    title="Review Submitted Data">
    <variables jcr:primaryType="nt:unstructured">
        <submittedData
            jcr:primaryType="nt:unstructured"
            name="submittedData"
            type="org.w3c.dom.Document"/>
        <userActionTaken
            jcr:primaryType="nt:unstructured"
            name="userActionTaken"
            type="java.lang.String"/>
        <grandTotal
            jcr:primaryType="nt:unstructured"
            name="grandTotal"
            type="java.lang.Long"/>
    </variables>
    <metaData
        cq:generatingPage="/conf/global/settings/workflow/models/review-submitted-data1/jcr:content"
        cq:lastModified="{Long}1599749108053"
        cq:lastModifiedBy="admin"
        jcr:primaryType="nt:unstructured"/>
    <nodes jcr:primaryType="nt:unstructured">
        <node0
            jcr:primaryType="cq:WorkflowNode"
            title="Start"
            type="START">
            <metaData jcr:primaryType="nt:unstructured"/>
        </node0>
        <node1
            jcr:primaryType="cq:WorkflowNode"
            description="Set value of variables"
            title="Set Variable"
            type="PROCESS">
            <metaData
                jcr:primaryType="nt:unstructured"
                PROCESS="com.adobe.granite.workflow.core.process.SetVariableProcess"
                PROCESS_AUTO_ADVANCE="true"
                variableMappings="[{&quot;variableName&quot;:&quot;submittedData&quot;\,&quot;mappingType&quot;:&quot;RELATIVE_TO_PAYLOAD&quot;\,&quot;mappingValue&quot;:&quot;Data.xml&quot;},{&quot;variableName&quot;:&quot;grandTotal&quot;\,&quot;mappingType&quot;:&quot;XPATH&quot;\,&quot;mappingValue&quot;:&quot;submittedData:/afData/afUnboundData/data/grandTotal&quot;}]"/>
        </node1>
        <node2
            jcr:primaryType="cq:WorkflowNode"
            title="OR_SPLIT"
            type="OR_SPLIT">
            <metaData jcr:primaryType="nt:unstructured"/>
        </node2>
        <node3
            jcr:primaryType="cq:WorkflowNode"
            title="OR_JOIN"
            type="OR_JOIN">
            <metaData jcr:primaryType="nt:unstructured"/>
        </node3>
        <node4
            jcr:primaryType="cq:WorkflowNode"
            description="The assets total is greater than 10K"
            title="Greater Than 10K"
            type="PROCESS">
            <metaData
                jcr:primaryType="nt:unstructured"
                ALLOW_OUT_OF_OFFICE="false"
                allowExplicitSharing="false"
                allowInboxSharing="false"
                DELEGATE_TO="workflow-users"
                DUEDATE_UNIT="OFF"
                DUEDATE_VALUE="[,]"
                DYNAMIC_ASSIGNEE="[,]"
                FORM_CHOOSER_SERVICE="com.adobe.fd.workflow.api.fdinternal.PayloadFormChooser"
                FORM_RESOLUTION="SERVICE"
                FORM_TYPE="AF"
                HISTORY_DOR="READONLY_AF"
                HTML_EMAIL_TEMPLATE_LOCATION="/libs/fd/dashboard/templates/email/htmlEmailTemplate.txt"
                icDataSourceType="PROVIDEDATADOCUMENT"
                INPUT_COMBINED_DATAXML="VARIABLE:submittedData"
                IS_ATTACHMENT_ALLOWED="false"
                IS_COMMENT_ALLOWED="false"
                IS_NEXT_STEP_DATA_ALLOWED="true"
                IS_PREVIOUS_STEP_DATA_ALLOWED="true"
                OUTPUT_COMBINED_DATAXML="VARIABLE:submittedData"
                PARTICIPANT="workflow-users"
                PROCESS="com.adobe.fd.workspace.step.service.AssignFormStep"
                PROCESS_AUTO_ADVANCE="false"
                PROCESS_PARTICIPANT_TYPE="static"
                PROVIDE_METADATA="false"
                ROUTE_PROPERTYNAME="userActionTaken"
                ROUTES="[{&quot;Route_Label&quot;:&quot;Approve&quot;\,&quot;Route_Icon_Name&quot;:&quot;check&quot;},{&quot;Route_Label&quot;:&quot;Reject&quot;\,&quot;Route_Icon_Name&quot;:&quot;close&quot;}]"
                SHOW_ACTION="true"
                SHOW_ASSIGNEE="true"
                SHOW_COMMENT="true"
                SHOW_DOCUMENT_OF_COMPLETED_TASK="true"
                SHOW_PRE_STEP_COMMENT_ATTACHMENT="true"
                SHOW_RESET="false"
                SHOW_SAVE="false"
                SHOW_SUBMIT="false"
                STATIC_ASSIGNEE="admin"
                SUBTYPE="forms:assigntask"
                TASK_PRIORITY="MEDIUM"
                TIMEOUT_HANDLER="[,]"
                USER_METADATA_RESOURCE="[,]"
                WORK_ITEM_TYPE="AF_ASSIGN_STEP"
                workflowStage="[,]"/>
        </node4>
        <node5
            jcr:primaryType="cq:WorkflowNode"
            title="OR_SPLIT"
            type="OR_SPLIT">
            <metaData jcr:primaryType="nt:unstructured"/>
        </node5>
        <node6
            jcr:primaryType="cq:WorkflowNode"
            title="OR_JOIN"
            type="OR_JOIN">
            <metaData jcr:primaryType="nt:unstructured"/>
        </node6>
        <node7
            jcr:primaryType="cq:WorkflowNode"
            description="Generate Document of Record"
            title="Generate Document of Record"
            type="PROCESS">
            <metaData
                jcr:primaryType="nt:unstructured"
                DOR_PATH="RELATIVE_PLOAD:DoR.pdf"
                FORM_CHOOSER_SERVICE="com.adobe.fd.workflow.api.fdinternal.PayloadFormChooser"
                FORM_RESOLUTION="SERVICE"
                INPUT_DATAXML="VARIABLE:submittedData"
                LOCALE="en_US"
                PROCESS="com.adobe.fd.workflow.dorGeneration.AFtoDORStep"
                PROCESS_AUTO_ADVANCE="true"
                WORK_ITEM_TYPE="AF_TO_DOR_STEP"/>
        </node7>
        <node8
            jcr:primaryType="cq:WorkflowNode"
            description="Use the email step to send an HTML email. For example, you can use the email step to send a document of record, adaptive form and interactive communication link, and a PDF document on completion of a workflow."
            title="Send Email"
            type="PROCESS">
            <metaData
                jcr:primaryType="nt:unstructured"
                PROCESS="com.adobe.fd.workflow.email.SendEmailStep"
                PROCESS_AUTO_ADVANCE="true"/>
        </node8>
        <node9
            jcr:primaryType="cq:WorkflowNode"
            description="Create and assign a task based on an adaptive form, non-interactive PDF, or interactive communication"
            title="Assign Task"
            type="PROCESS">
            <metaData
                jcr:primaryType="nt:unstructured"
                ALLOW_OUT_OF_OFFICE="false"
                allowExplicitSharing="false"
                allowInboxSharing="false"
                DELEGATE_TO="workflow-users"
                DUEDATE_UNIT="OFF"
                DUEDATE_VALUE="[,]"
                DYNAMIC_ASSIGNEE="[,]"
                FORM_CHOOSER_SERVICE="com.adobe.fd.workflow.api.fdinternal.PayloadFormChooser"
                FORM_RESOLUTION="SERVICE"
                FORM_TYPE="AF"
                HISTORY_DOR="READONLY_AF"
                HTML_EMAIL_TEMPLATE_LOCATION="/libs/fd/dashboard/templates/email/htmlEmailTemplate.txt"
                icDataSourceType="PROVIDEDATADOCUMENT"
                IS_ATTACHMENT_ALLOWED="true"
                IS_COMMENT_ALLOWED="true"
                IS_NEXT_STEP_DATA_ALLOWED="true"
                IS_PREVIOUS_STEP_DATA_ALLOWED="true"
                PARTICIPANT="workflow-users"
                PROCESS="com.adobe.fd.workspace.step.service.AssignFormStep"
                PROCESS_AUTO_ADVANCE="false"
                PROCESS_PARTICIPANT_TYPE="static"
                PROVIDE_METADATA="true"
                ROUTE_PROPERTYNAME="actionTaken"
                SHOW_ACTION="true"
                SHOW_ASSIGNEE="true"
                SHOW_COMMENT="true"
                SHOW_DOCUMENT_OF_COMPLETED_TASK="true"
                SHOW_PRE_STEP_COMMENT_ATTACHMENT="true"
                SHOW_RESET="true"
                SHOW_SAVE="true"
                SHOW_SUBMIT="true"
                STATIC_ASSIGNEE="admin"
                SUBTYPE="forms:assigntask"
                TASK_PRIORITY="MEDIUM"
                TIMEOUT_HANDLER="[,]"
                USER_METADATA_RESOURCE="[,]"
                WORK_ITEM_TYPE="AF_ASSIGN_STEP"
                workflowStage="[,]"/>
        </node9>
        <node10
            jcr:primaryType="cq:WorkflowNode"
            title="End"
            type="END">
            <metaData jcr:primaryType="nt:unstructured"/>
        </node10>
    </nodes>
    <transitions jcr:primaryType="nt:unstructured">
        <node0_x0023_node1
            jcr:primaryType="cq:WorkflowTransition"
            from="node0"
            rule=""
            to="node1">
            <metaData jcr:primaryType="nt:unstructured"/>
        </node0_x0023_node1>
        <node1_x0023_node2
            jcr:primaryType="cq:WorkflowTransition"
            from="node1"
            to="node2">
            <metaData jcr:primaryType="nt:unstructured"/>
        </node1_x0023_node2>
        <node2_x0023_node4
            jcr:primaryType="cq:WorkflowTransition"
            from="node2"
            rule="\{&quot;nodeName&quot;:&quot;ROOT&quot;,&quot;items&quot;:[{&quot;nodeName&quot;:&quot;STATEMENT&quot;,&quot;choice&quot;:{&quot;nodeName&quot;:&quot;CONDITION&quot;,&quot;choice&quot;:{&quot;nodeName&quot;:&quot;BOOLEAN_BINARY_EXPRESSION&quot;,&quot;items&quot;:[{&quot;nodeName&quot;:&quot;CONDITION&quot;,&quot;choice&quot;:{&quot;nodeName&quot;:&quot;COMPARISON_EXPRESSION&quot;,&quot;items&quot;:[{&quot;nodeName&quot;:&quot;EXPRESSION&quot;,&quot;choice&quot;:{&quot;nodeName&quot;:&quot;COMPONENT&quot;,&quot;value&quot;:{&quot;id&quot;:&quot;grandTotal&quot;,&quot;displayName&quot;:&quot;grandTotal&quot;,&quot;type&quot;:&quot;NUMBER&quot;,&quot;displayPath&quot;:&quot;workflow_variables/grandTotal/&quot;,&quot;name&quot;:&quot;grandTotal&quot;,&quot;parent&quot;:&quot;workflow_variables&quot;}}},{&quot;nodeName&quot;:&quot;OPERATOR&quot;,&quot;choice&quot;:{&quot;nodeName&quot;:&quot;GREATER_THAN&quot;,&quot;value&quot;:null}},{&quot;nodeName&quot;:&quot;EXPRESSION&quot;,&quot;choice&quot;:{&quot;nodeName&quot;:&quot;NUMERIC_LITERAL&quot;,&quot;value&quot;:&quot;10000&quot;}}]},&quot;nested&quot;:false},{&quot;nodeName&quot;:&quot;OPERATOR&quot;,&quot;choice&quot;:{&quot;nodeName&quot;:&quot;OR&quot;,&quot;value&quot;:null}},{&quot;nodeName&quot;:&quot;CONDITION&quot;,&quot;choice&quot;:{&quot;nodeName&quot;:&quot;COMPARISON_EXPRESSION&quot;,&quot;items&quot;:[{&quot;nodeName&quot;:&quot;EXPRESSION&quot;,&quot;choice&quot;:{&quot;nodeName&quot;:&quot;COMPONENT&quot;,&quot;value&quot;:{&quot;id&quot;:&quot;grandTotal&quot;,&quot;displayName&quot;:&quot;grandTotal&quot;,&quot;type&quot;:&quot;NUMBER&quot;,&quot;displayPath&quot;:&quot;workflow_variables/grandTotal/&quot;,&quot;name&quot;:&quot;grandTotal&quot;,&quot;parent&quot;:&quot;workflow_variables&quot;}}},{&quot;nodeName&quot;:&quot;OPERATOR&quot;,&quot;choice&quot;:{&quot;nodeName&quot;:&quot;EQUALS_TO&quot;,&quot;value&quot;:null}},{&quot;nodeName&quot;:&quot;EXPRESSION&quot;,&quot;choice&quot;:{&quot;nodeName&quot;:&quot;NUMERIC_LITERAL&quot;,&quot;value&quot;:&quot;10000&quot;}}]},&quot;nested&quot;:false}]},&quot;nested&quot;:false}}],&quot;isValid&quot;:true,&quot;enabled&quot;:true,&quot;version&quot;:1}"
            to="node4">
            <metaData
                jcr:primaryType="nt:unstructured"
                isDefault="false"/>
        </node2_x0023_node4>
        <node4_x0023_node5
            jcr:primaryType="cq:WorkflowTransition"
            from="node4"
            to="node5">
            <metaData jcr:primaryType="nt:unstructured"/>
        </node4_x0023_node5>
        <node5_x0023_node7
            jcr:primaryType="cq:WorkflowTransition"
            from="node5"
            rule="\{&quot;nodeName&quot;:&quot;ROOT&quot;,&quot;items&quot;:[{&quot;nodeName&quot;:&quot;STATEMENT&quot;,&quot;choice&quot;:{&quot;nodeName&quot;:&quot;CONDITION&quot;,&quot;choice&quot;:{&quot;nodeName&quot;:&quot;COMPARISON_EXPRESSION&quot;,&quot;items&quot;:[{&quot;nodeName&quot;:&quot;EXPRESSION&quot;,&quot;choice&quot;:{&quot;nodeName&quot;:&quot;COMPONENT&quot;,&quot;value&quot;:{&quot;id&quot;:&quot;userActionTaken&quot;,&quot;displayName&quot;:&quot;userActionTaken&quot;,&quot;type&quot;:&quot;STRING&quot;,&quot;displayPath&quot;:&quot;workflow_variables/userActionTaken/&quot;,&quot;name&quot;:&quot;userActionTaken&quot;,&quot;parent&quot;:&quot;workflow_variables&quot;}}},{&quot;nodeName&quot;:&quot;OPERATOR&quot;,&quot;choice&quot;:{&quot;nodeName&quot;:&quot;EQUALS_TO&quot;,&quot;value&quot;:null}},{&quot;nodeName&quot;:&quot;EXPRESSION&quot;,&quot;choice&quot;:{&quot;nodeName&quot;:&quot;STRING_LITERAL&quot;,&quot;value&quot;:&quot;Approve&quot;}}]},&quot;nested&quot;:false}}],&quot;isValid&quot;:true,&quot;enabled&quot;:true,&quot;version&quot;:1}"
            to="node7">
            <metaData
                jcr:primaryType="nt:unstructured"
                isDefault="false"/>
        </node5_x0023_node7>
        <node7_x0023_node6
            jcr:primaryType="cq:WorkflowTransition"
            from="node7"
            to="node6">
            <metaData jcr:primaryType="nt:unstructured"/>
        </node7_x0023_node6>
        <node5_x0023_node8
            jcr:primaryType="cq:WorkflowTransition"
            from="node5"
            rule="\{&quot;nodeName&quot;:&quot;ROOT&quot;,&quot;items&quot;:[{&quot;nodeName&quot;:&quot;STATEMENT&quot;,&quot;choice&quot;:{&quot;nodeName&quot;:&quot;CONDITION&quot;,&quot;choice&quot;:{&quot;nodeName&quot;:&quot;COMPARISON_EXPRESSION&quot;,&quot;items&quot;:[{&quot;nodeName&quot;:&quot;EXPRESSION&quot;,&quot;choice&quot;:{&quot;nodeName&quot;:&quot;COMPONENT&quot;,&quot;value&quot;:{&quot;id&quot;:&quot;userActionTaken&quot;,&quot;displayName&quot;:&quot;userActionTaken&quot;,&quot;type&quot;:&quot;STRING&quot;,&quot;displayPath&quot;:&quot;workflow_variables/userActionTaken/&quot;,&quot;name&quot;:&quot;userActionTaken&quot;,&quot;parent&quot;:&quot;workflow_variables&quot;}}},{&quot;nodeName&quot;:&quot;OPERATOR&quot;,&quot;choice&quot;:{&quot;nodeName&quot;:&quot;EQUALS_TO&quot;,&quot;value&quot;:null}},{&quot;nodeName&quot;:&quot;EXPRESSION&quot;,&quot;choice&quot;:{&quot;nodeName&quot;:&quot;STRING_LITERAL&quot;,&quot;value&quot;:&quot;Reject&quot;}}]},&quot;nested&quot;:false}}],&quot;isValid&quot;:true,&quot;enabled&quot;:true,&quot;version&quot;:1}"
            to="node8">
            <metaData
                jcr:primaryType="nt:unstructured"
                isDefault="false"/>
        </node5_x0023_node8>
        <node8_x0023_node6
            jcr:primaryType="cq:WorkflowTransition"
            from="node8"
            to="node6">
            <metaData jcr:primaryType="nt:unstructured"/>
        </node8_x0023_node6>
        <node6_x0023_node3
            jcr:primaryType="cq:WorkflowTransition"
            from="node6"
            to="node3">
            <metaData jcr:primaryType="nt:unstructured"/>
        </node6_x0023_node3>
        <node2_x0023_node9
            jcr:primaryType="cq:WorkflowTransition"
            from="node2"
            rule="\{&quot;nodeName&quot;:&quot;ROOT&quot;,&quot;items&quot;:[{&quot;nodeName&quot;:&quot;STATEMENT&quot;,&quot;choice&quot;:{&quot;nodeName&quot;:&quot;CONDITION&quot;,&quot;choice&quot;:{&quot;nodeName&quot;:&quot;COMPARISON_EXPRESSION&quot;,&quot;items&quot;:[{&quot;nodeName&quot;:&quot;EXPRESSION&quot;,&quot;choice&quot;:{&quot;nodeName&quot;:&quot;COMPONENT&quot;,&quot;value&quot;:{&quot;id&quot;:&quot;grandTotal&quot;,&quot;displayName&quot;:&quot;grandTotal&quot;,&quot;type&quot;:&quot;NUMBER&quot;,&quot;displayPath&quot;:&quot;workflow_variables/grandTotal/&quot;,&quot;name&quot;:&quot;grandTotal&quot;,&quot;parent&quot;:&quot;workflow_variables&quot;}}},{&quot;nodeName&quot;:&quot;OPERATOR&quot;,&quot;choice&quot;:{&quot;nodeName&quot;:&quot;LESS_THAN&quot;,&quot;value&quot;:null}},{&quot;nodeName&quot;:&quot;EXPRESSION&quot;,&quot;choice&quot;:{&quot;nodeName&quot;:&quot;NUMERIC_LITERAL&quot;,&quot;value&quot;:&quot;10000&quot;}}]},&quot;nested&quot;:false}}],&quot;isValid&quot;:true,&quot;enabled&quot;:true,&quot;version&quot;:1}"
            to="node9">
            <metaData
                jcr:primaryType="nt:unstructured"
                isDefault="false"/>
        </node2_x0023_node9>
        <node9_x0023_node3
            jcr:primaryType="cq:WorkflowTransition"
            from="node9"
            to="node3">
            <metaData jcr:primaryType="nt:unstructured"/>
        </node9_x0023_node3>
        <node3_x0023_node10
            jcr:primaryType="cq:WorkflowTransition"
            from="node3"
            to="node10">
            <metaData jcr:primaryType="nt:unstructured"/>
        </node3_x0023_node10>
    </transitions>
</jcr:root>
