<?xml version="1.0" encoding="UTF-8"?>
<jcr:root xmlns:sling="http://sling.apache.org/jcr/sling/1.0" xmlns:cq="http://www.day.com/jcr/cq/1.0" xmlns:jcr="http://www.jcp.org/jcr/1.0" xmlns:rep="internal"
    jcr:mixinTypes="[rep:AccessControllable]"
    jcr:primaryType="sling:OrderedFolder">
    <rep:policy/>
    <dam/>
    <campaigns/>
    <projects/>
    <experience-fragments/>
    <cq:tags/>
    <usergenerated/>
    <core-components-examples/>
    <launches/>
    <communities/>
    <sites/>
    <forms/>
    <catalogs/>
    <screens/>
    <community/>
    <community-components/>
    <we-retail/>
    <wknd-events/>
    <apps/>
    <xfaforms/>
    <AemFormsSamples/>
    <scheduler/>
    <AemForms/>
    <readerextendeddocuments/>
    <DemoListings/>
    <flamingo/>
    <DocumentServices/>
    <summit-toys/>
    <DaveM/>
    <pdfsubmissions/>
    <barcodedpdf/>
    <placeholder.png/>
    <forsigning.pdf/>
    <demofilesuploaded/>
    <jobs/>
    <getprintchannel/>
    <DemoServerBundles/>
    <formsforsigning/>
    <amssizing/>
    <embedafinaem/>
    <OpenPrintChannel/>
    <getad/>
    <luna/>
    <afattachments/>
    <ocrfiles/>
    <samples/>
    <csmNewsLetters/>
    <learningaemforms/>
</jcr:root>
