<?xml version="1.0" encoding="UTF-8"?>
<jcr:root xmlns:sling="http://sling.apache.org/jcr/sling/1.0" xmlns:cq="http://www.day.com/jcr/cq/1.0" xmlns:jcr="http://www.jcp.org/jcr/1.0" xmlns:nt="http://www.jcp.org/jcr/nt/1.0"
    jcr:primaryType="cq:Page">
    <fd jcr:primaryType="nt:unstructured">
        <af jcr:primaryType="nt:unstructured">
            <components jcr:primaryType="nt:unstructured">
                <page2 jcr:primaryType="nt:unstructured">
                    <aftemplatedpage jcr:primaryType="nt:unstructured">
                        <default
                            jcr:description="Policy of the Adaptive Form page"
                            jcr:primaryType="nt:unstructured"
                            jcr:title="Default Page"
                            sling:resourceType="wcm/core/components/policy/policy"
                            clientlibs="[wcm.foundation.components.page.responsive]">
                            <jcr:content
                                jcr:primaryType="nt:unstructured"
                                mergeList="{Boolean}true"/>
                        </default>
                    </aftemplatedpage>
                </page2>
                <guideContainer jcr:primaryType="nt:unstructured">
                    <default
                        jcr:description="Policy of the Adaptive Form Guide Container"
                        jcr:primaryType="nt:unstructured"
                        jcr:title="Simple Adaptive Form Guide Container Policy"
                        sling:resourceType="wcm/core/components/policy/policy"
                        components="[group:Adaptive Form]">
                        <cq:authoring jcr:primaryType="nt:unstructured">
                            <assetToComponentMapping jcr:primaryType="nt:unstructured">
                                <image
                                    jcr:primaryType="nt:unstructured"
                                    assetGroup="media"
                                    assetMimetype="image/*"
                                    droptarget="image"
                                    resourceType="foundation/components/image"
                                    type="Images"/>
                                <product
                                    jcr:primaryType="nt:unstructured"
                                    assetGroup="product"
                                    droptarget="product-data-reference"
                                    resourceType="commerce/components/product"
                                    type="Products"/>
                                <document
                                    jcr:primaryType="nt:unstructured"
                                    assetGroup="media"
                                    assetMimetype="[application/vnd.openxmlformats,application/msword,application/vnd.ms-powerpoint,application/mspowerpoint,application/powerpoint,application/x-mspowerpoint,application/x-msexcel,application/x-excel,application/excel,application/vnd.ms-excel,application/pdf,application/vnd.openxmlformats-officedocument.wordprocessingml.document]"
                                    droptarget="file"
                                    resourceType="foundation/components/download"
                                    type="Images"/>
                                <video
                                    jcr:primaryType="nt:unstructured"
                                    assetGroup="media"
                                    assetMimetype="video/*"
                                    droptarget="video"
                                    resourceType="foundation/components/video"
                                    type="Images"/>
                                <fragment
                                    jcr:primaryType="nt:unstructured"
                                    assetGroup="media"
                                    assetMimetype="text/html"
                                    droptarget="fragment"
                                    resourceType="dam/cfm/components/contentfragment"
                                    type="Content Fragment"/>
                                <experiencefragment
                                    jcr:primaryType="nt:unstructured"
                                    assetGroup="content"
                                    assetMimetype="text/html"
                                    droptarget="experiencefragment"
                                    resourceType="cq/experience-fragments/editor/components/experiencefragment"
                                    type="experiencefragment"/>
                            </assetToComponentMapping>
                        </cq:authoring>
                        <jcr:content
                            jcr:primaryType="nt:unstructured"
                            mergeList="{Boolean}true"/>
                    </default>
                </guideContainer>
            </components>
        </af>
    </fd>
    <wcm jcr:primaryType="nt:unstructured">
        <foundation jcr:primaryType="nt:unstructured">
            <components jcr:primaryType="nt:unstructured">
                <responsivegrid jcr:primaryType="nt:unstructured">
                    <afpolicy
                        jcr:description="Policy of the Adaptive Form"
                        jcr:primaryType="nt:unstructured"
                        jcr:title="Simple Adaptive Form Policy"
                        sling:resourceType="wcm/core/components/policy/policy"
                        components="[group:General,/libs/fd/af/components/guideheader,/libs/fd/af/components/guidefooter,/libs/fd/af/components/guideimage,/libs/fd/af/components/guidetextdraw,/libs/fd/af/components/afFormTitle]">
                        <cq:authoring jcr:primaryType="nt:unstructured">
                            <assetToComponentMapping jcr:primaryType="nt:unstructured">
                                <image
                                    jcr:primaryType="nt:unstructured"
                                    assetGroup="media"
                                    assetMimetype="image/*"
                                    droptarget="image"
                                    resourceType="foundation/components/image"
                                    type="Images"/>
                                <product
                                    jcr:primaryType="nt:unstructured"
                                    assetGroup="product"
                                    droptarget="product-data-reference"
                                    resourceType="commerce/components/product"
                                    type="Products"/>
                                <document
                                    jcr:primaryType="nt:unstructured"
                                    assetGroup="media"
                                    assetMimetype="[application/vnd.openxmlformats,application/msword,application/vnd.ms-powerpoint,application/mspowerpoint,application/powerpoint,application/x-mspowerpoint,application/x-msexcel,application/x-excel,application/excel,application/vnd.ms-excel,application/pdf,application/vnd.openxmlformats-officedocument.wordprocessingml.document]"
                                    droptarget="file"
                                    resourceType="foundation/components/download"
                                    type="Images"/>
                                <video
                                    jcr:primaryType="nt:unstructured"
                                    assetGroup="media"
                                    assetMimetype="video/*"
                                    droptarget="video"
                                    resourceType="foundation/components/video"
                                    type="Images"/>
                                <fragment
                                    jcr:primaryType="nt:unstructured"
                                    assetGroup="media"
                                    assetMimetype="text/html"
                                    droptarget="fragment"
                                    resourceType="dam/cfm/components/contentfragment"
                                    type="Content Fragment"/>
                            </assetToComponentMapping>
                        </cq:authoring>
                        <jcr:content
                            jcr:primaryType="nt:unstructured"
                            mergeList="{Boolean}true"/>
                    </afpolicy>
                </responsivegrid>
            </components>
        </foundation>
    </wcm>
</jcr:root>
